Monat,BMW
2015-04,27
2015-05,27
2015-06,27
2015-07,27
2015-08,26
2015-09,24
2015-10,26
2015-11,22
2015-12,23
2016-01,24
2016-02,27
2016-03,29
2016-04,29
2016-05,27
2016-06,25
2016-07,24
2016-08,25
2016-09,26
2016-10,26
2016-11,25
2016-12,23
2017-01,24
2017-02,27
2017-03,26
2017-04,26
2017-05,27
2017-06,25
2017-07,26
2017-08,24
2017-09,23
2017-10,24
2017-11,24
2017-12,21
2018-01,23
2018-02,25
2018-03,26
2018-04,25
2018-05,23
2018-06,24
2018-07,24
2018-08,23
2018-09,24
2018-10,25
2018-11,24
2018-12,21
2019-01,22
2019-02,25
2019-03,26
2019-04,25
2019-05,25
2019-06,24
2019-07,25
2019-08,34
2019-09,100
2019-10,23
2019-11,21
2019-12,21
2020-01,22
2020-02,21
2020-03,20
2020-04,20
2020-05,24
2020-06,26
2020-07,25
2020-08,23
2020-09,24
2020-10,23
2020-11,21
2020-12,19
2021-01,18
2021-02,21
2021-03,23
2021-04,23
2021-05,21
2021-06,21
2021-07,22
2021-08,21
2021-09,21
2021-10,21
2021-11,20
2021-12,19
2022-01,20
2022-02,21
2022-03,20
2022-04,22
2022-05,21
2022-06,21
2022-07,20
2022-08,20
2022-09,19
2022-10,19
2022-11,18
2022-12,18
2023-01,21
2023-02,20
2023-03,22
2023-04,22
2023-05,22
2023-06,22
2023-07,22
2023-08,22
2023-09,22
2023-10,22
2023-11,21
2023-12,20
2024-01,21
2024-02,23
2024-03,25
2024-04,26
2024-05,24
2024-06,22
2024-07,24
2024-08,24
2024-09,25
2024-10,25
2024-11,24
2024-12,22
2025-01,23
2025-02,24
2025-03,27
2025-04,26
2025-05,25
