DATE,tavg,tmin,tmax,prcp,wdir,wspd,wpgt,pres
01-01-20,2,-1,4.4,0,251,10.8,24.1,1032.9
01-02-20,0.3,-2.7,5.3,0,218,10,24.1,1027.1
01-03-20,3.8,0.2,6.2,4.1,220,18,38.9,1017.8
01-04-20,4.2,2.3,5.4,4.4,280,23.7,59.3,1019.5
01-05-20,1.8,-0.3,3.5,0,260,13.2,40.8,1031.9
01-06-20,3.7,2.4,5.5,0,217,12.1,25.9,1027.5
01-07-20,2.3,-0.1,4.6,0,220,11.4,25.9,1023.8
01-08-20,5.8,3.1,8.3,3.5,215,17,35.2,1022.4
01-09-20,8.5,7.1,9.7,9.5,203,14.1,31.5,1016.6
01-10-20,9.4,7.4,11,5.6,238,17.5,38.9,1013.8
01-11-20,5.5,2.7,7.2,0.1,259,16.1,40.8,1028.3
01-12-20,3.8,1.3,6.2,0,215,19.4,42.6,1020.9
01-13-20,5.9,4,7.5,0,220,15.1,42.6,1019
01-14-20,7.2,3.6,10.2,0,188,20.9,44.5,1011.3
01-15-20,10.2,8.7,13.4,0,202,21.2,42.6,1013.8
01-16-20,7.2,4.5,9.8,0,210,12.3,33.3,1026.1
01-17-20,5.1,2.9,8.7,0,156,15.2,33.3,1020.6
01-18-20,5.2,3.4,7.1,0.4,238,14,35.2,1021.5
01-19-20,3.6,2.3,4.9,0.1,274,9.8,22.2,1032.7
01-20-20,2.2,0.4,3.9,0,258,10,24.1,1044.8
01-21-20,2.6,0.3,6.2,0,248,14.9,31.5,1039.5
01-22-20,3.7,1.8,5.6,0.5,279,16.1,37,1032.1
01-23-20,3.1,1.5,4.8,0,243,9.4,20.4,1032.5
01-24-20,1.3,-0.4,4.1,0,230,9.7,22.2,1023.3
01-25-20,1.8,0.8,3.2,0,236,10.6,22.2,1021.5
01-26-20,1.1,-0.5,3,0,197,9.4,18.5,1018.9
01-27-20,4.1,1.1,7.1,1.3,192,14.9,35.2,1010.6
01-28-20,6,4.1,7.9,8,208,21,50,994.6
01-29-20,4.6,3.8,5.8,3.3,256,24.2,53.7,1000.1
01-30-20,5.7,4,7.6,6.2,236,21.2,50,1006.1
01-31-20,9.7,6.9,11.4,2,256,22.4,51.8,1002.3
02-01-20,10.8,9.4,12.3,8.2,236,18.8,48.2,1001.8
02-02-20,7.9,5.7,9,4.7,261,19.6,50,1004.6
02-03-20,6.9,5.4,8.8,6,265,15.2,38.9,1006.5
02-04-20,5.5,4.1,6.7,4.1,292,20,50,1005.2
02-05-20,3.4,1.1,5.3,1.1,312,18.6,55.5,1027.1
02-06-20,4.2,1.4,6.4,0,274,17.7,38.9,1027.8
02-07-20,5.3,4.1,6.6,0,265,8.8,29.6,1029.2
02-08-20,4.7,2,8.9,0,169,13.8,29.6,1023.7
02-09-20,8,3.8,12.3,1,196,24.1,72.2,1010.1
02-10-20,8.9,5.2,11.4,7.4,245,30.9,77.8,989.6
02-11-20,5.4,4.2,7.1,2.1,257,29.5,72.2,994.2
02-12-20,4.5,3.3,6.9,0.1,257,28.6,68.5,1005.5
02-13-20,4.2,1.9,7.1,1.6,199,18.4,46.3,1009.8
02-14-20,4.6,3.2,6.5,0.7,260,9.4,25.9,1014.2
02-15-20,6.1,3,10.1,0,189,15.9,37,1020.9
02-16-20,11.2,6.7,14.4,1.3,200,26.6,57.4,1007.8
02-17-20,10.1,7.3,12.8,0.5,234,22.7,63,1010.3
02-18-20,7.1,5.7,8.9,1.6,245,22.4,61.1,1016.1
02-19-20,5.4,4.6,6.8,4,244,21,46.3,1013.3
02-20-20,5.2,2.2,7.2,1.2,211,17.6,40.8,1016.5
02-21-20,6.4,4.9,8.1,4.1,256,23.1,55.5,1017.3
02-22-20,8.3,6,11,1.6,234,26.3,64.8,1015.6
02-23-20,7.4,5.3,8.9,15.7,268,23.3,66.7,1008.5
02-24-20,5.8,4.3,7.8,6.6,247,21.3,63,1013.6
02-25-20,8.2,4.8,10.6,2,241,20.2,48.2,996.2
02-26-20,3.7,2.5,4.9,4.3,248,13.2,31.5,993.5
02-27-20,3,1.4,5.3,1.1,252,12.6,35.2,1001.1
02-28-20,3.5,0.8,7.3,0.8,271,15.5,46.3,1009.8
02-29-20,6.5,2.3,11.4,7.4,187,20.3,42.6,998.8
03-01-20,7.4,5,10.2,1,210,19.2,51.8,996.6
03-02-20,6.1,4.4,9.4,1.6,176,11.7,29.6,993.8
03-03-20,4.4,3.2,6.1,3.8,343,13.2,33.3,998
03-04-20,4,1,7.5,1.4,243,12.2,31.5,1009.2
03-05-20,5.2,0.6,10,0,158,14.4,35.2,1003.8
03-06-20,5.5,4.1,7.3,7.6,124,15.1,37,992.8
03-07-20,4.7,3,7.1,2.9,293,19,50,1010
03-08-20,5.9,1.2,11,0,197,14.7,35.2,1015.8
03-09-20,7.3,5.2,9.9,3,226,11.7,25.9,1010.6
03-10-20,6.3,3.4,9.5,11.3,209,20.1,50,1005.9
03-11-20,10.1,8.2,12.6,3.6,260,21.1,51.8,1006.6
03-12-20,10,5.6,12.2,2.9,247,26.2,79.6,1005.5
03-13-20,6,4.1,8.2,2.4,255,25.4,77.8,1010.1
03-14-20,3.7,0,8.1,0,298,9.9,38.9,1023.5
03-15-20,5.5,-1,12.4,0,163,20,46.3,1020.3
03-16-20,9.2,3.4,16,0,221,12.6,29.6,1018.5
03-17-20,9.2,4.8,14.5,0,267,9.3,31.5,1026.6
03-18-20,11.1,5.6,16.8,0,233,14.4,38.9,1025.4
03-19-20,10.3,7.3,13.1,0,293,10.9,27.8,1024.7
03-20-20,7,5.6,8.5,1.6,35,11.3,27.8,1025.7
03-21-20,4.3,1.7,6.5,0,46,18.6,44.5,1030.6
03-22-20,1.6,-1.7,5.4,0,65,15.8,38.9,1036.6
03-23-20,0.9,-4,5.8,0,93,12.3,29.6,1039.5
03-24-20,1.7,-3.7,7.4,0,116,13,31.5,1037.4
03-25-20,2.9,-2.6,8.4,0,102,16.9,40.8,1033.1
03-26-20,4.7,-1.4,10.4,0,92,17.4,40.8,1028
03-27-20,9,3.2,15.6,0,69,14,29.6,1023.6
03-28-20,8.2,3.3,13.7,0,347,13.6,35.2,1019.6
03-29-20,3.3,0.2,5.5,2.4,354,19.2,53.7,1022.3
03-30-20,0.4,-3,3.1,2.1,296,12.4,37,1027.2
03-31-20,1.4,-1.1,3.7,0,358,10.1,25.9,1029.4
04-01-20,3.2,-2,8.1,0,247,14.1,35.2,1021
04-02-20,6.1,2.3,9.7,0,253,16.5,38.9,1011.2
04-03-20,6.6,4.3,9.2,0,274,19.8,46.3,1010.9
04-04-20,6.5,2.8,11.5,0,265,8.2,24.1,1024.5
04-05-20,9,1.8,16.5,0,127,15.3,37,1029.4
04-06-20,12.6,4.9,21,0,148,16.7,40.8,1024.2
04-07-20,13.1,7.8,18.7,0,300,12.1,31.5,1029.2
04-08-20,13.7,5.9,22.4,0,124,10,24.1,1028
04-09-20,12.7,8.4,17,0,305,12.8,35.2,1022.7
04-10-20,9.9,4.7,14.9,0,325,9.3,27.8,1026.2
04-11-20,8.5,2.7,14.8,0,28,7.1,20.4,1026.3
04-12-20,13.6,4.5,23,0,201,11.1,33.3,1016.2
04-13-20,8.5,4.6,13.1,0.8,313,18.9,50,1013.8
04-14-20,5.5,1.1,9.2,0,300,17,40.8,1020.7
04-15-20,8.8,4.4,14.5,0,274,18.5,46.3,1021.5
04-16-20,11.5,5.3,17.2,0,287,13.8,35.2,1017
04-17-20,11.3,6.3,16.1,0,20,9.4,24.1,1017.5
04-18-20,10.8,4.6,16.8,0,67,13.5,35.2,1018.4
04-19-20,9.2,5,13.2,0,61,19.3,42.6,1022
04-20-20,9.4,3.3,15.1,0,74,18.1,42.6,1026.1
04-21-20,11,5,16.8,0,80,20.3,48.2,1026.1
04-22-20,12.5,5.9,18.8,0,78,16.2,37,1026.1
04-23-20,14.2,6.6,21.3,0,96,9.2,25.9,1022.9
04-24-20,14.6,7.8,21,0,252,14.2,46.3,1009.5
04-25-20,10.7,7.8,14,0,321,15.8,44.5,1009.5
04-26-20,11.7,6.2,17.1,0,272,7.9,25.9,1011
04-27-20,13.8,5.4,21.8,0,187,8.5,31.5,1008.5
04-28-20,16.3,9.8,22.4,0.4,267,10.4,31.5,1004.1
04-29-20,12.6,10.5,15.6,4.3,326,9.2,31.5,1004.5
04-30-20,13.1,8.9,17.3,2.2,189,12.4,37,1004.7
05-01-20,13.1,10,16.5,1.4,220,14.1,37,1002.2
05-02-20,10.7,8.2,14,2,248,13.4,38.9,1004.8
05-03-20,10.4,7,14.3,0,280,14.9,37,1014.4
05-04-20,9.4,6.8,11.8,3.3,286,9.5,25.9,1017
05-05-20,7.6,3.8,10.6,0.8,317,15.4,46.3,1018.8
05-06-20,9.9,4.1,15,0,309,16.1,40.8,1021.7
05-07-20,10.4,6,15.6,0,292,15.1,35.2,1021.8
05-08-20,13.4,6.3,19.8,0,286,9.9,33.3,1018.4
05-09-20,15.4,7.4,22.1,0,80,7.3,22.2,1015.4
05-10-20,17.6,10.6,24.1,0.7,133,10.7,25.9,1006.7
05-11-20,8.3,3.7,14.8,5.8,348,18.9,44.5,1006.9
05-12-20,6.3,0.6,9.9,0,278,15.4,38.9,1015.2
05-13-20,8.9,4.6,12.7,0,255,10.3,27.8,1012.7
05-14-20,9,5.5,12.2,0,354,11.9,33.3,1016.3
05-15-20,9.2,2.5,14,0,324,11,37,1018.7
05-16-20,10.3,5.5,14,0,269,15.7,40.8,1020.5
05-17-20,12.3,8,16.6,0,274,15,38.9,1020.3
05-18-20,14.7,9.6,20,0,267,14,38.9,1020.4
05-19-20,14.1,10.9,17.4,0,294,13.6,37,1019.4
05-20-20,14.1,8.2,19,0,347,10.7,31.5,1022
05-21-20,14.3,7.2,20.3,0,83,9.4,25.9,1023.8
05-22-20,16.3,9.2,22.2,0.9,138,15.7,37,1021.3
05-23-20,15.3,11.9,18.1,6.5,251,14.4,38.9,1019.1
05-24-20,12.5,9.1,15,2.5,263,16.1,44.5,1023.3
05-25-20,11.8,9.3,14.4,1.2,302,16.9,37,1026.7
05-26-20,13.9,7.7,19.3,0,0,10.4,27.8,1033.5
05-27-20,15.4,7.6,21.2,0,332,8.8,27.8,1032.1
05-28-20,14.2,10,17.7,1.8,352,15.4,38.9,1029.7
05-29-20,14.1,7.4,18.7,0,29,11.8,29.6,1028.8
05-30-20,13.5,8.7,16.9,0,28,16.3,44.5,1025.2
05-31-20,14.7,9.8,20.1,0,10,17.9,44.5,1022.1
06-01-20,16.6,9,23.4,0,38,15.4,40.8,1023.6
06-02-20,18.6,10.9,24.6,0,349,12.4,35.2,1018.2
06-03-20,18.4,12.2,23.8,0,71,9.8,25.9,1007.1
06-04-20,17.6,12.8,23.1,4.6,135,14.6,37,996.2
06-05-20,14.4,12.6,16.8,4.6,242,14.7,35.2,994.9
06-06-20,13.5,9.2,17,0.9,220,18.1,46.3,1000.9
06-07-20,14.5,10.3,17.8,0,191,10.7,27.8,1006.9
06-08-20,15.1,9.2,20,0,310,9,24.1,1012.9
06-09-20,16.8,10.5,21.3,0,43,10.4,27.8,1016
06-10-20,16.6,12.6,20.3,0,31,13.7,33.3,1014.4
06-11-20,17.2,15,20.3,8,25,10.4,25.9,1010.6
06-12-20,20.3,14.3,25.3,0,64,11.1,29.6,1011.1
06-13-20,22.3,18.9,25.2,5.2,63,13,33.3,1010.9
06-14-20,21.9,19,25.1,0,73,15.9,33.3,1011.5
06-15-20,19.9,14.2,24.5,0,50,11.4,25.9,1014.1
06-16-20,20.1,13.9,25.7,0,350,7.6,22.2,1014.3
06-17-20,21.9,14.8,27.6,0,51,9.2,27.8,1011.6
06-18-20,21.3,18.5,24.4,1.2,34,10.8,27.8,1009.5
06-19-20,17.4,15.9,19.2,10,300,12.7,31.5,1011.8
06-20-20,16.4,15.4,17.8,11.5,301,17.8,40.8,1016.1
06-21-20,17.1,14.5,20.8,4.9,314,15.4,35.2,1018
06-22-20,19,12.7,24,0,310,13.7,40.8,1020.6
06-23-20,18.4,12,24,0,337,12.1,33.3,1024.5
06-24-20,19.4,12.8,24.1,0,24,11.4,31.5,1024.7
06-25-20,22.6,18.5,27.4,0.3,84,15.6,37,1021.4
06-26-20,21.9,17.1,25.7,1.1,103,12.1,31.5,1016.6
06-27-20,23.7,17.2,29.8,0,184,9.6,29.6,1010.3
06-28-20,22.6,18.7,26.4,1,250,13.2,37,1011.8
06-29-20,19.2,15.8,22.1,0,258,9.8,31.5,1011.7
06-30-20,18.1,13.8,21.7,0,250,18,50,1008.4
07-01-20,18.9,16.8,22,8,228,14.1,35.2,1006.9
07-02-20,19.7,16.1,23.5,1.9,261,12.4,31.5,1009
07-03-20,18.7,15.2,22.7,2.1,276,13.8,35.2,1014
07-04-20,19.7,15,24.2,1.3,232,15.6,42.6,1014.6
07-05-20,21.3,17.9,25.3,0.2,235,18.1,50,1009.9
07-06-20,18,14.9,19.9,0,263,21.1,59.3,1010.3
07-07-20,15.4,11.5,19.3,0.4,274,15.9,35.2,1017
07-08-20,14.8,12.4,17.3,2.9,265,12.9,31.5,1015.1
07-09-20,15.6,13.3,18,8.1,207,10.4,29.6,1013.7
07-10-20,17.6,13.8,21,6.3,238,14.2,53.7,1009.6
07-11-20,15,10.6,19.3,0,292,13.5,33.3,1021.1
07-12-20,15.1,9.8,19.7,0,304,12,31.5,1026.1
07-13-20,16.8,9.9,22.9,0,268,7.8,24.1,1023.9
07-14-20,19.9,11.8,26.8,0,174,10.4,27.8,1015.2
07-15-20,16.1,14.4,18.4,9.4,319,10,22.2,1011.9
07-16-20,15.4,12.3,18.6,0,308,10.9,29.6,1015
07-17-20,16.4,11.2,20.5,0,312,10.6,27.8,1018.3
07-18-20,19.8,13.5,25.6,0,18,6.5,16.7,1019.5
07-19-20,21.9,15.5,28.3,0.7,139,6.2,22.2,1016
07-20-20,19.4,15.3,22.4,2.4,284,11.6,38.9,1015.5
07-21-20,16.5,12,20.6,0,309,11.7,35.2,1021.1
07-22-20,15.9,10.9,20.1,0,299,11,29.6,1021.8
07-23-20,17.2,13,21.9,0,309,7.5,24.1,1017.1
07-24-20,19.2,12.9,25,0,232,13.5,40.8,1010.6
07-25-20,19.4,14.1,24.3,0,250,8.7,24.1,1011.9
07-26-20,19.4,16.3,22.2,3,203,11.8,33.3,1010.3
07-27-20,19.7,13.8,24.9,0,195,7.8,25.9,1015.8
07-28-20,21.4,17.6,25.4,0,242,15.9,42.6,1009.2
07-29-20,18.1,14.1,22.2,0,277,15.7,46.3,1016.5
07-30-20,16.8,11.2,22.2,0,287,12.1,33.3,1020.1
07-31-20,18.5,12.3,24.8,0,322,10.1,27.8,1018.7
08-01-20,21.3,13.3,28.9,0,105,11.5,25.9,1016.2
08-02-20,21,17.9,25.2,3.5,263,9.6,25.9,1012.1
08-03-20,17.9,15.9,20.8,0,334,11.7,27.8,1011.5
08-04-20,16.9,12.7,20.7,0,339,10.4,27.8,1013.5
08-05-20,19.3,11.4,26.7,0,176,9.6,25.9,1018.1
08-06-20,22,14.2,29.2,0,123,12.5,29.6,1021.2
08-07-20,24.2,17.4,30.7,0,95,10.7,25.9,1021.9
08-08-20,27.1,19.5,34.6,0,116,8.9,22.2,1019.6
08-09-20,26.7,20.3,32.7,0,108,9.3,25.9,1017.7
08-10-20,25.3,21.3,29.7,0,86,10.7,29.6,1017.6
08-11-20,25.4,19.6,31.3,0,75,14.4,33.3,1019.2
08-12-20,24.3,17.9,30.6,0,84,13.5,29.6,1019.3
08-13-20,24.5,17.6,31.2,0,92,11.4,25.9,1014.7
08-14-20,23.6,20.4,27.7,0,110,9.6,25.9,1012.4
08-15-20,23.1,17.3,28.9,0,57,7.1,22.2,1013.6
08-16-20,24.1,18.1,30.5,0,107,13.4,35.2,1014.1
08-17-20,23.6,16.7,30.2,0,105,12.9,31.5,1010.2
08-18-20,19.9,18.2,22,4.1,303,10.8,24.1,1009.2
08-19-20,19.8,16.6,24.2,2.9,317,8.9,24.1,1010.3
08-20-20,22.5,15.7,29.3,0,165,10.3,29.6,1010.3
08-21-20,25.9,18.8,33.6,0,186,12,33.3,1010.7
08-22-20,22.8,18.9,24.8,0,249,12.4,35.2,1012.8
08-23-20,19.7,16,23.5,0,249,15.1,44.5,1013.4
08-24-20,17.6,14.9,20.6,0.4,257,13.7,33.3,1013.7
08-25-20,17.5,13.6,21.5,0.1,246,12.2,31.5,1012.2
08-26-20,16.6,15.8,18,11.6,221,22.1,66.7,1003.5
08-27-20,16.3,12.9,18.6,1.5,277,21.9,57.4,1011.7
08-28-20,15.8,11.6,20.8,0,167,11.7,33.3,1005.6
08-29-20,17.5,14.5,21.4,0,228,11,31.5,1003.7
08-30-20,17.2,12.9,21.5,8.3,33,8.6,27.8,1007.7
08-31-20,16.4,14,19.7,5.1,329,10.9,27.8,1014
09-01-20,14.9,11.2,18.2,0,30,10.8,27.8,1017.9
09-02-20,13.4,10.6,16,2.7,304,10.5,25.9,1016.8
09-03-20,16.5,12.5,21.3,6.4,256,13,31.5,1018.3
09-04-20,18.1,15.6,21.9,5.8,235,13.6,31.5,1018.7
09-05-20,15.8,12.7,17.1,2.7,259,11.1,29.6,1016.3
09-06-20,13.8,10.5,17.8,0,266,12.4,35.2,1017.8
09-07-20,13.4,9.5,18,0,269,10.4,27.8,1022.1
09-08-20,15.9,10.3,20.7,0,233,14,37,1023.7
09-09-20,18.9,14.2,23.7,0,242,13,35.2,1020.2
09-10-20,15.7,12,18.5,0,302,12.4,29.6,1020
09-11-20,15.3,9.5,21.7,0,159,8,22.2,1018.2
09-12-20,17.2,9.5,25,0,230,12.4,37,1017.7
09-13-20,17.3,12.3,22.9,0,246,11.2,29.6,1024.4
09-14-20,19.9,12.2,28.5,0,170,8.7,22.2,1026.5
09-15-20,21.9,15,30.3,0,141,12.7,29.6,1021.6
09-16-20,20.9,15,27.6,0,284,12.1,35.2,1017.1
09-17-20,15.2,10.4,18.3,0,11,13.7,33.3,1026.5
09-18-20,12.1,5.9,18.9,0,80,8.7,20.4,1029.4
09-19-20,13.2,6.4,20.3,0,94,12.4,31.5,1024
09-20-20,14.3,8,21.5,0,84,12.8,29.6,1020
09-21-20,15.4,8.4,23.4,0,92,10,24.1,1017.8
09-22-20,17.4,11,25.4,0,152,9.7,24.1,1011.3
09-23-20,18.9,13.7,26,0,193,8.9,22.2,1005.3
09-24-20,16.8,13.3,21.1,0,208,12.1,31.5,1004.1
09-25-20,13.3,10.8,15.2,8.9,260,8.7,25.9,997.9
09-26-20,10.1,9.5,10.7,15.5,290,14.6,50,994.9
09-27-20,9.6,8,11.6,2.8,210,8.3,25.9,1003.1
09-28-20,12.1,8.3,17.5,0,154,9.4,25.9,1011.1
09-29-20,12.5,9.7,16.7,0,316,5.8,16.7,1015.8
09-30-20,12.8,8.4,18.3,0,355,6.1,14.8,1016.1
10-01-20,12.4,9.3,15.8,0,81,7.2,18.5,1008.1
10-02-20,14.2,11.6,17.6,0,106,15.7,38.9,1001.9
10-03-20,16.3,12.4,21.7,0,105,18.3,38.9,994.6
10-04-20,14.4,10,18.6,0,209,11.8,37,997.9
10-05-20,11.7,8.4,15.6,0.7,146,10.1,24.1,1004
10-06-20,11.8,9.2,14.5,1.3,194,16.7,37,1003.1
10-07-20,12.2,10.6,14.5,2.4,219,14.1,29.6,1006.7
10-08-20,12.2,9.9,14.4,3.2,215,16.8,40.8,1015.2
10-09-20,13.4,11.8,15.3,2.6,230,12.4,35.2,1016
10-10-20,10.7,6.6,12.4,0.5,239,11.5,33.3,1016.6
10-11-20,7.8,4.5,11.5,0,215,11.9,27.8,1017.6
10-12-20,7.8,5.1,11.5,0,248,9.7,24.1,1017.1
10-13-20,7.2,3.8,10.8,0,1,9.3,31.5,1015.4
10-14-20,9.2,8.5,9.8,14.4,359,22.7,53.7,1009.7
10-15-20,10.2,9.6,10.6,9,4,17.4,37,1014.6
10-16-20,9.1,7.9,10.3,1,10,13.2,27.8,1019.6
10-17-20,8.5,7.2,10.4,1.2,347,7.4,20.4,1018.6
10-18-20,8,6.4,9.6,0.5,269,17.2,42.6,1017.2
10-19-20,8.3,6.5,11.4,0,246,11.2,25.9,1021.7
10-20-20,8.6,4.7,12.5,1.1,164,14.8,33.3,1016.8
10-21-20,12.2,10.4,15.1,2.9,184,15.8,33.3,1009.8
10-22-20,15.3,12.3,19.5,0,214,17.2,37,1011.1
10-23-20,13.8,12.2,16.1,4.2,228,8.7,25.9,1011.6
10-24-20,12.9,10.4,16.3,1.3,232,12.7,33.3,1012.4
10-25-20,12.6,9.6,17.1,0,174,16.5,35.2,1008.5
10-26-20,11,9.6,12.6,1.8,195,9.7,24.1,1003.8
10-27-20,9.5,7.6,12.3,0,200,14.6,33.3,1008
10-28-20,10.1,8.1,13.1,0.4,191,16.8,33.3,1009.3
10-29-20,9.7,8,11.3,2.7,234,17.1,42.6,1012
10-30-20,10.3,7.1,13,12.7,233,14.4,35.2,1015.7
10-31-20,13.1,11.8,14.8,6.1,233,10.3,29.6,1020.5
11-01-20,12.3,10.5,13.9,0.6,184,14.2,29.6,1014
11-02-20,16,13.5,18.8,4.4,205,17.8,35.2,1009.8
11-03-20,12.2,7.6,16,0,247,12.9,31.5,1020.2
11-04-20,7.7,5.2,10.5,0,255,12.9,33.3,1028.9
11-05-20,7.1,3.8,9.9,0,257,13.6,31.5,1035.5
11-06-20,9.7,8.2,11.9,0,260,11,29.6,1033.7
11-07-20,8.1,3.4,12.7,0,158,10,22.2,1028.4
11-08-20,5.8,2,11.2,0,131,7.3,22.2,1025.6
11-09-20,6.2,4.8,7.9,0,106,13.5,25.9,1027.7
11-10-20,5.8,4.9,7.3,0,119,13.2,25.9,1029
11-11-20,5.4,3.8,7,0,140,8.8,20.4,1027
11-12-20,7.3,5.5,9.7,0,164,11.3,25.9,1021
11-13-20,7.6,5.5,10.8,0,202,11.1,22.2,1019.5
11-14-20,10.1,7.9,12.7,0,198,10.7,22.2,1018.1
11-15-20,10.6,8.5,14.7,0,174,16.9,35.2,1013.2
11-16-20,10,8.7,12.1,2.2,209,15.5,35.2,1012
11-17-20,9.8,8.4,10.8,1.6,225,15.4,31.5,1022.3
11-18-20,10.3,8.4,12.6,0,207,14.6,29.6,1023.5
11-19-20,9.1,5.5,11.2,0.2,243,21.5,53.7,1015.6
11-20-20,4,1.2,6,0,277,15.2,38.9,1029.2
11-21-20,3.7,0.7,6.4,0.1,212,16.5,38.9,1030.1
11-22-20,7.5,6.1,9,1.2,239,18.2,38.9,1022.1
11-23-20,6.7,5.1,8.3,0,264,16.4,42.6,1024.6
11-24-20,4.5,2.4,7.6,0,206,12.5,25.9,1025.3
11-25-20,2.5,1.1,4.8,0,180,11.1,22.2,1020.5
11-26-20,4.2,1,7.1,0,227,10.7,22.2,1020.3
11-27-20,5.1,2.7,6.3,0,350,5.4,16.7,1022.2
11-28-20,2.5,1.2,3.7,0,23,6.2,16.7,1025.3
11-29-20,2.9,1.5,4.7,0,330,11.4,25.9,1026.7
11-30-20,1.1,0.5,1.9,0,243,11,24.1,1023.9
12-01-20,1.4,0.2,3.2,0.3,151,12.1,27.8,1017.1
12-02-20,0.1,-1.7,2.2,0,119,11.3,25.9,1020.1
12-03-20,-1.1,-2.5,0.3,0,146,15.3,33.3,1007.4
12-04-20,0.5,-2.1,2.9,0,125,16.7,33.3,996.3
12-05-20,3.2,1.1,6.2,0,129,13,33.3,1000
12-06-20,6.7,3.9,9.4,0,105,17.7,37,1001.6
12-07-20,6.3,3.9,8.1,0,132,15.9,40.8,1002.1
12-08-20,4.6,3.1,6.4,0,101,12,27.8,1007.2
12-09-20,3.2,1.9,4.1,2.4,100,15.5,29.6,1010.5
12-10-20,0.4,-0.9,1.8,0,96,12.4,29.6,1010
12-11-20,0.2,-0.9,1.2,0,117,14.3,33.3,1004.3
12-12-20,1.8,1,2.9,0.1,107,14.1,31.5,1002
12-13-20,2.3,1.5,3.2,0,93,6.2,18.5,1010.7
12-14-20,4.7,2.4,7.2,0,161,13.3,29.6,1013.6
12-15-20,5.7,3.5,7.4,0.4,167,13.5,27.8,1013
12-16-20,6.8,5.5,7.8,0.3,192,8.7,25.9,1019.7
12-17-20,6,3.9,8.4,0.4,176,14.3,29.6,1020.5
12-18-20,5.5,3.7,8.1,0,199,11.7,24.1,1024.1
12-19-20,4.2,2.2,7.3,0,160,14.7,27.8,1020.9
12-20-20,4.4,2.8,6.6,0.4,164,13.7,27.8,1021.1
12-21-20,5.1,3.8,7.4,1.4,189,12.9,31.5,1021
12-22-20,9,5.2,11.9,8.7,228,19.8,44.5,1010.1
12-23-20,7.7,6.5,9.2,4.9,171,9.7,25.9,1012.3
12-24-20,6.6,3.5,8.6,5.1,268,17.9,44.5,1005.2
12-25-20,2.5,1.3,3.5,0.2,314,14.7,29.6,1017.3
12-26-20,1.3,-0.1,2.4,0,238,15.4,35.2,1019.3
12-27-20,2.1,1.1,3.6,0,169,26,53.7,999.7
12-28-20,2.2,1.2,4.3,0.5,134,16.1,42.6,984.3
12-29-20,2.3,1,4.1,1.1,187,12.5,27.8,987.8
12-30-20,2,0.2,4.3,0,196,13.8,29.6,1001.2
12-31-20,2.1,1.2,4.4,0.1,185,12.8,25.9,1006.1
01-01-21,1,0.1,1.8,1.2,195,8.2,20.4,1007.7
01-02-21,0.8,-1.1,2.9,0,176,8.1,22.2,1014.5
01-03-21,0.3,-0.2,0.7,7.2,57,18.2,37,1015.8
01-04-21,0.8,0.5,1,3.4,51,14.9,31.5,1017.2
01-05-21,1.3,0.6,2.1,2.3,30,15.1,31.5,1016.9
01-06-21,1.6,0.8,2.3,3.8,300,12.8,29.6,1011.2
01-07-21,1,0.6,1.3,1.4,248,13.1,29.6,1010.1
01-08-21,0.2,-0.5,0.9,0.9,239,8.7,20.4,1012.2
01-09-21,0.6,0.1,1.3,0.9,279,8.4,18.5,1019.7
01-10-21,0.3,-0.8,0.9,0,249,10.3,25.9,1023.8
01-11-21,0.8,-0.7,2,1,214,17.4,42.6,1017.3
01-12-21,1.8,0.2,2.5,6.8,240,19.8,44.5,1003.8
01-13-21,1.3,0,3,4,266,22.6,50,1005.5
01-14-21,1.6,0.7,2.7,2.1,326,17.5,46.3,1013.5
01-15-21,-0.7,-2.7,0.6,1.5,335,14,33.3,1023.4
01-16-21,-2.3,-3,-1.5,0.5,296,13.4,33.3,1023.4
01-17-21,-2.8,-4.9,-1.2,0,193,7.2,20.4,1020.3
01-18-21,-2.2,-4.9,1.3,2.8,190,11.1,29.6,1019.1
01-19-21,2.3,1.5,3.9,9.6,218,17.3,35.2,1008.9
01-20-21,5.7,4,8.1,0.7,211,19.1,38.9,1003.1
01-21-21,8.1,5.6,11.4,0,190,21.8,48.2,997.3
01-22-21,7.6,3.1,9.5,0,217,17.1,53.7,992.8
01-23-21,1.8,0.5,2.8,4.4,291,8.6,22.2,996.7
01-24-21,0.5,-0.5,1.3,2.7,94,9.3,20.4,996.7
01-25-21,0.9,0,2.1,0.9,266,10.7,24.1,1002.9
01-26-21,0.2,-1.7,1.9,0.2,267,12.4,29.6,1011.1
01-27-21,1.2,-0.1,3.6,0.2,231,12.4,27.8,1012.9
01-28-21,1.8,-1.2,3.5,1.1,295,11.7,25.9,1004.6
01-29-21,-1.6,-3.2,0,1.3,100,11,29.6,999.4
01-30-21,-1.1,-3.2,0.8,2.6,350,10.9,27.8,1001.7
01-31-21,-3.4,-5.6,0.3,0,223,8,20.4,1005.7
02-01-21,-3.2,-6.2,-0.1,0.2,118,14.9,33.3,1000.1
02-02-21,0.4,-1.4,1.4,3.1,195,9.4,22.2,1002.1
02-03-21,3.6,1.1,5.7,9.6,127,8.2,25.9,999.3
02-04-21,1.4,-0.4,4.3,5.5,31,11.7,31.5,1010.8
02-05-21,-0.1,-0.9,1,1.4,93,17.4,38.9,1018.6
02-06-21,-1.6,-3.7,-0.5,0.3,82,23.5,51.8,1019.1
02-07-21,-5.8,-7,-3.6,2.7,80,29.2,61.1,1012.5
02-08-21,-8.5,-10,-6.1,6.4,61,21.5,53.7,1005.7
02-09-21,-9.4,-11.5,-7.3,1.7,359,6.3,16.7,1007.1
02-10-21,-9,-12.7,-4.6,0.7,309,7.2,20.4,1012
02-11-21,-5.6,-8.6,-2.4,0.7,337,10.6,22.2,1026
02-12-21,-6.1,-9.1,-2.1,0.2,350,10.4,24.1,1035.4
02-13-21,-5.1,-8.9,-0.7,0,311,9.9,20.4,1040.3
02-14-21,-5.3,-8,-1,0,264,9.7,20.4,1041.7
02-15-21,-4.3,-10.8,1.5,2.4,163,14,33.3,1032.8
02-16-21,2.6,0.5,4.2,1.9,195,10.7,29.6,1018.6
02-17-21,4.6,3,5.9,1.4,246,14.1,35.2,1014
02-18-21,6.5,3.8,10.3,0.5,173,12.1,33.3,1017.2
02-19-21,6.5,3,9.3,3,226,14.9,37,1016.3
02-20-21,6.3,1.3,12.2,0,161,13,25.9,1019.7
02-21-21,8.9,4.6,15.3,0,168,13.9,25.9,1018.9
02-22-21,7.5,3.2,13.6,0,167,10.8,24.1,1022.3
02-23-21,11,4.5,18.3,0,213,9.9,24.1,1030.4
02-24-21,13.2,8.7,19.2,0,213,11.8,27.8,1031.2
02-25-21,12.7,7.9,18.8,0,222,11.5,29.6,1026.8
02-26-21,8.3,5.4,10.5,2.7,296,13,31.5,1028.8
02-27-21,5,3,7.1,0,296,14.4,31.5,1036
02-28-21,4.6,2.3,8,0,281,11.4,24.1,1036.7
03-01-21,5.4,2.6,9.1,0,254,7.4,16.7,1035.9
03-02-21,5.3,0.3,12.1,0,213,4.9,13,1034.3
03-03-21,6.9,0.5,14.1,0,209,9.7,25.9,1027.1
03-04-21,4.1,2.8,7.1,0,305,13.7,29.6,1018.6
03-05-21,1.8,-0.7,4.6,0,343,12.9,31.5,1024.9
03-06-21,1.3,-2.7,4.7,0,268,14,35.2,1030.6
03-07-21,2.4,0.9,3.7,0.5,272,17.5,40.8,1022.5
03-08-21,1.9,-1.5,5.5,0.3,1,9.4,24.1,1022
03-09-21,0.7,-3.7,5.9,0,126,9.7,20.4,1020.9
03-10-21,2.1,-3.6,7.8,0,133,11.8,29.6,1019
03-11-21,6,2.5,10.6,10.1,197,23,57.4,1001.3
03-12-21,7.4,5.8,9.4,3.1,244,22.8,53.7,1002.1
03-13-21,6.6,4.9,8.7,5.5,218,23.2,57.4,997.1
03-14-21,5.4,4.3,6.8,5.9,260,23.4,61.1,1001.2
03-15-21,4.4,3.1,6,3.6,254,15.5,38.9,1006.6
03-16-21,4.1,2.1,6.2,1.5,319,17.7,40.8,1015.5
03-17-21,2.6,1,5,0.6,354,10.1,25.9,1021.9
03-18-21,1.7,-0.4,4.2,2,318,8.5,24.1,1021.6
03-19-21,1,-1.6,3.2,1,17,15,42.6,1022.3
03-20-21,0.2,-3.3,2.9,0,297,12.2,33.3,1026.4
03-21-21,4.9,3,7.6,1.4,296,19.4,46.3,1014.1
03-22-21,4.3,-0.1,8.4,0,301,11.6,27.8,1019.3
03-23-21,5.6,4.2,7.4,0.3,281,12.4,27.8,1023.1
03-24-21,6.7,3.5,11.5,0,235,9.7,25.9,1023
03-25-21,8.6,3.3,14.1,0,233,8.7,24.1,1019.6
03-26-21,9.9,5,15.1,0,195,8.4,24.1,1018.6
03-27-21,7.1,4,8.8,2.5,236,17.5,51.8,1016.8
03-28-21,7.4,2.6,11.7,1.1,228,15.3,40.8,1026.4
03-29-21,12.2,8.7,16.4,0.1,236,15.1,35.2,1027
03-30-21,13.7,8.1,20.5,0,263,12,29.6,1029.5
03-31-21,14.5,5.7,23.5,0,215,8.1,24.1,1023.6
04-01-21,11.6,7.8,15.9,0,305,14.4,42.6,1017.4
04-02-21,6.8,3.2,9.9,0,323,14.6,42.6,1020.1
04-03-21,5.6,2.8,8,0,340,15.7,38.9,1021.1
04-04-21,4.5,-1.3,9.1,0,262,12.1,38.9,1020.5
04-05-21,4.4,1.5,6.6,3.2,262,23,64.8,1002.3
04-06-21,2.2,-0.3,4.7,1.4,267,19.7,46.3,1004.5
04-07-21,3.3,0.1,6.7,1.3,272,20.4,48.2,1008.3
04-08-21,4.2,2,6.4,0,276,21.2,50,1017.8
04-09-21,6.8,1.8,12.1,0,221,16.8,44.5,1015.3
04-10-21,6.6,4.3,8.9,4.5,35,8.8,27.8,1014.8
04-11-21,11.8,6.6,18.8,4.7,159,15.6,37,1010.6
04-12-21,5.6,2.8,10.4,2.1,298,15.5,38.9,1021.5
04-13-21,4.3,0.5,7.8,0,287,14.2,37,1027.7
04-14-21,4.1,0.7,7.1,0,322,13.3,31.5,1027.7
04-15-21,3.7,1,6,1.1,357,15.6,42.6,1027.7
04-16-21,5.7,2.9,8.2,1.1,355,16.5,35.2,1024.6
04-17-21,7.5,4,10.8,0.7,351,11.2,27.8,1021.9
04-18-21,8.4,5.2,11.4,3.5,31,9.4,25.9,1020.5
04-19-21,10,5.4,15.2,0,14,9.3,25.9,1019.8
04-20-21,10.7,5.9,15.9,0,330,8.6,24.1,1016.1
04-21-21,10.2,4.6,15.9,0,304,14.1,42.6,1014.1
04-22-21,6.9,3.3,9.6,0.5,294,21.5,51.8,1018.6
04-23-21,7.4,4,10.8,0,297,17.2,42.6,1024.2
04-24-21,6.7,3.5,9.6,0,310,12.7,31.5,1025
04-25-21,5.6,2.1,9.1,0,339,10.8,35.2,1024.3
04-26-21,4.4,-0.8,8.5,0,343,9.2,24.1,1022
04-27-21,6.1,-1,12.1,0,97,12.5,35.2,1016.4
04-28-21,9.9,2.6,16.5,0,105,14.7,31.5,1009.3
04-29-21,10.8,8.3,14.3,2.7,178,13,37,1002.8
04-30-21,8.6,7.1,10.6,0,305,13.7,35.2,1010.5
05-01-21,8.9,5.6,12.4,0,73,7.1,22.2,1013.7
05-02-21,7.9,6.5,9.2,6.1,338,11.9,35.2,1011.7
05-03-21,7.5,4.7,10.6,4.6,269,17.8,44.5,1016.9
05-04-21,9.5,5.7,12.9,2,200,23.1,63,1003.3
05-05-21,9.3,6.9,11.1,2,242,25.5,64.8,999.3
05-06-21,7.8,3.8,11.4,0.5,247,17.8,50,1005.8
05-07-21,5.8,4.3,7.6,6.3,294,12.1,42.6,1008.9
05-08-21,8.5,3.1,13.4,0,243,12.4,31.5,1017.5
05-09-21,16.7,8.8,25.5,0,169,16.9,38.9,1010.5
05-10-21,20.3,12.3,28.8,0,172,14.4,33.3,1007
05-11-21,20.7,14.9,27.1,0,62,10.7,35.2,1005.6
05-12-21,14.7,13,17.1,4.8,305,14.7,33.3,1007.3
05-13-21,11.6,10.8,13.1,8.3,316,15.8,33.3,1005.2
05-14-21,10.8,9,12.5,5.6,284,14.8,35.2,1005.5
05-15-21,12.1,7,16.2,1.9,200,10.6,33.3,1006.5
05-16-21,12.6,9,16.4,1.1,203,11.7,33.3,1002.8
05-17-21,12.6,8.3,16.8,1.1,228,9.8,27.8,1003.1
05-18-21,11.7,8.8,14.9,1.7,282,12.1,33.3,1009.3
05-19-21,11.7,8,15.1,0,299,11.4,31.5,1014.1
05-20-21,12,7.7,16,0,281,12.5,35.2,1017.2
05-21-21,13.9,9.1,19.1,0,213,16.6,51.8,1007.6
05-22-21,12.6,9.2,16.1,1.5,220,17.4,51.8,1004.5
05-23-21,12.1,9.2,15.1,2.3,245,13.8,37,1011.7
05-24-21,14.7,6.9,21.4,0,166,14.1,38.9,1014.4
05-25-21,12.7,10.1,14.1,2.3,222,16.1,44.5,1011.2
05-26-21,11.2,8.4,14.1,5.9,216,17.1,42.6,1011.3
05-27-21,11.7,9,13.7,2.6,232,16.1,40.8,1012.2
05-28-21,11.7,9,14.8,1,307,13.4,31.5,1020
05-29-21,12.1,7,15.9,0,321,14.1,40.8,1023.6
05-30-21,13.4,6.6,18.6,0,15,12.7,35.2,1026.5
05-31-21,14.2,6.5,20.5,0,36,8.5,22.2,1024.1
06-01-21,15.9,9.4,21.3,0,334,11.8,31.5,1019.2
06-02-21,17.3,11.3,22.5,0.7,92,12.6,33.3,1019.5
06-03-21,20,12.8,26.5,0,117,15.1,35.2,1023
06-04-21,20,14.9,24.9,0,118,14.2,31.5,1021.4
06-05-21,20.8,14.1,26.6,0,88,11.9,29.6,1019.4
06-06-21,21.7,16.2,26.8,0,86,9.3,24.1,1019.2
06-07-21,20.1,13.8,25.5,0,342,11.1,27.8,1020.5
06-08-21,20.3,14.5,24.7,0,354,10.7,29.6,1021.2
06-09-21,20.4,13.8,26,0,351,8,24.1,1021
06-10-21,21.1,15.6,26.2,0,332,9.8,31.5,1018.9
06-11-21,21.5,16.1,25.7,0,321,9.7,33.3,1017
06-12-21,18.3,15.1,19.4,1.9,293,16.6,48.2,1015.1
06-13-21,14.9,10.9,18.7,0,307,18.6,44.5,1022.6
06-14-21,18.2,10.2,25.7,0,260,8.8,24.1,1021.9
06-15-21,19.1,14.9,22.5,0,318,10.9,25.9,1018.3
06-16-21,20.4,13.1,27.2,0,97,11.4,27.8,1018.3
06-17-21,25.7,17.5,33.7,0,129,14.6,35.2,1015.2
06-18-21,27,18.5,34.9,0,140,15.4,38.9,1014
06-19-21,26.7,18.8,33.3,0,201,10.4,27.8,1012.8
06-20-21,27.4,21.3,32.8,0,185,11.7,33.3,1009.2
06-21-21,25.4,21.6,29.9,0,292,12.9,35.2,1005.7
06-22-21,18.9,17,20.9,0,318,12.6,29.6,1012.4
06-23-21,17.5,14.6,19.7,0,332,8.2,22.2,1019.1
06-24-21,17.3,14,20.3,1.8,353,8.9,22.2,1018.7
06-25-21,18.5,14.3,22.3,0,300,8.3,25.9,1017
06-26-21,19.9,14.2,24.6,0,344,7.6,25.9,1018.5
06-27-21,20.8,14.2,26.1,0,3,7.4,22.2,1017.7
06-28-21,23.3,16.3,29.7,0,123,8.5,22.2,1015.5
06-29-21,23.2,18.2,28.7,2.8,172,10.1,27.8,1010.9
06-30-21,17.9,16.4,19.6,33.5,277,12.4,38.9,1008
07-01-21,16.1,15.3,17.3,40.7,255,17.8,38.9,1009.6
07-02-21,18.3,15.1,21.9,0,276,13.3,35.2,1014.3
07-03-21,18.4,14.1,22.2,0,292,11.4,29.6,1015.2
07-04-21,20.6,14.4,26,0,101,6.6,22.2,1011.5
07-05-21,19.7,16.9,22.4,1.2,211,9.3,25.9,1009.6
07-06-21,22.2,15.8,28.6,0.6,185,12.3,33.3,1009.9
07-07-21,19,17.2,21.6,21,248,7.4,18.5,1016.2
07-08-21,19,15,22.2,1,83,10,25.9,1020.5
07-09-21,18,16.2,19.2,12.8,341,15.6,40.8,1016.7
07-10-21,18.8,15.4,23.4,8.4,260,15.4,40.8,1016.1
07-11-21,21.4,15.3,26.8,0,105,11.8,29.6,1016.4
07-12-21,21.7,18.1,25.7,0,102,12,29.6,1013.4
07-13-21,23.4,16.7,29.3,0,99,12.3,31.5,1009.1
07-14-21,23.1,20.4,26.4,0,146,11,29.6,1008.1
07-15-21,21.4,17.1,25.7,0,293,8.2,22.2,1012.2
07-16-21,22.5,17.6,27,1.5,298,9.5,29.6,1015.9
07-17-21,22.4,19.7,25.5,1.2,336,14.1,35.2,1018.2
07-18-21,20.9,15.6,25.8,0,319,14.8,35.2,1018.6
07-19-21,17.5,15,19.8,0,315,12.6,31.5,1018.8
07-20-21,16.6,12.2,20.3,0,294,10.6,27.8,1019
07-21-21,17.6,13.4,21.6,0,289,10.9,25.9,1021.5
07-22-21,19,14.9,22.8,0,275,7.8,24.1,1021.2
07-23-21,19.5,14.3,24.1,0,278,7.2,22.2,1017.3
07-24-21,22.2,14.6,29,0,98,12.3,31.5,1013
07-25-21,23.4,19.1,28.6,3,116,13.2,31.5,1009.9
07-26-21,23.3,18.7,28.4,0,181,8.7,25.9,1010.3
07-27-21,22.2,18.8,25.8,0,239,10.8,31.5,1011.8
07-28-21,20.9,17.6,24.6,0,226,11.6,33.3,1011
07-29-21,19.7,16.7,22.9,0,238,16.7,46.3,1010.5
07-30-21,19.2,13.2,24.7,0,236,13.9,40.8,1009.1
07-31-21,19.9,16.3,23.3,0,235,17.1,53.7,1006.1
08-01-21,17.8,14.6,21,0,260,11.5,27.8,1007.6
08-02-21,17.1,14.1,20.6,0,277,15.1,40.8,1010.5
08-03-21,16.4,12.3,20.2,0,255,7.8,22.2,1013.7
08-04-21,17.8,14.9,21.5,3.4,97,8.1,22.2,1013.2
08-05-21,17.6,14.1,21.8,2.2,77,9.6,25.9,1010.5
08-06-21,18.9,15,23.5,4.8,142,7.3,25.9,1006.2
08-07-21,19.2,14.8,23.9,1.3,214,11.1,31.5,1005.3
08-08-21,18.9,15.8,22.9,2.5,226,15.1,42.6,1008.3
08-09-21,17.8,12.9,22.2,0,220,11.9,31.5,1016.9
08-10-21,17.4,13.4,21.2,2.7,221,9.4,25.9,1016.8
08-11-21,17.6,13.3,22.3,0,279,11.1,29.6,1018.5
08-12-21,19.6,12.1,26.5,0,200,7.6,20.4,1020.8
08-13-21,22.5,15.9,29.2,0,209,10.2,27.8,1019.4
08-14-21,20.2,15.3,25,0,276,11.7,35.2,1019.2
08-15-21,19.8,14.3,24.9,0,260,10.4,29.6,1014.2
08-16-21,17.8,13.5,21.8,5.3,246,16.4,48.2,1007.5
08-17-21,14.6,12.4,16.6,3.8,255,24.4,63,1010.6
08-18-21,16,12.8,18.8,0,252,18.8,42.6,1011.5
08-19-21,17.3,15.1,19.4,0.2,253,16.1,37,1011.4
08-20-21,17.1,15.3,19.8,1.5,262,10.5,27.8,1015.2
08-21-21,17.8,13.1,22.4,0,307,7.4,20.4,1018.9
08-22-21,17.6,14.4,20.7,9.3,96,12.1,25.9,1016.3
08-23-21,16.4,14.6,18.4,15.5,26,17,40.8,1019.2
08-24-21,15.9,11.4,20.3,0,28,15.1,35.2,1025.9
08-25-21,15,9.1,19.8,0.9,295,13.4,42.6,1019.7
08-26-21,14,12.1,15.4,6,302,16.5,37,1008.7
08-27-21,13.4,11.7,15.6,11.9,342,9.4,27.8,1010.4
08-28-21,14.5,11.3,18.7,1.1,336,8.8,22.2,1014.9
08-29-21,14.7,13.2,16.3,24,319,8.2,27.8,1014.2
08-30-21,15,13.7,16.3,15.6,3,12.4,35.2,1015
08-31-21,15.7,13.5,18.5,0.2,341,16.7,38.9,1019
09-01-21,15.9,11,21,0,316,12.5,29.6,1023.9
09-02-21,16,11.4,20.7,0,308,10.1,25.9,1026
09-03-21,16.1,11.1,22,0,278,11.2,31.5,1020.8
09-04-21,14.8,11.4,18.7,0,306,8.8,22.2,1018.5
09-05-21,16,11.5,21.1,0,95,11.4,25.9,1022.3
09-06-21,16.6,11.7,22.1,0,181,8.7,24.1,1023.7
09-07-21,16.7,12.8,21.5,0,317,8.4,20.4,1023.8
09-08-21,17.7,11.2,24.6,0,114,8.6,22.2,1020.9
09-09-21,18.6,12.2,26,0,138,11.8,25.9,1014.2
09-10-21,19.6,15,24.7,1.2,210,9.7,24.1,1013.3
09-11-21,18.7,16.3,22.4,2,239,10,24.1,1015.1
09-12-21,17.6,14.6,21.1,0,261,10.9,25.9,1016.3
09-13-21,16,13.3,18.9,0,294,10.5,27.8,1017.8
09-14-21,16.1,11.3,21.5,0,113,8.2,24.1,1018.4
09-15-21,17.7,13.7,22.8,5.1,140,13.3,31.5,1013
09-16-21,17.3,15.5,18.9,0.9,259,13.6,33.3,1011.9
09-17-21,14.9,12.9,16.4,0.4,285,16.1,37,1012.9
09-18-21,14.3,12.2,16.9,0.7,341,13.5,31.5,1015.6
09-19-21,12.4,9.8,15.5,0,34,9.9,25.9,1018.4
09-20-21,11.4,7.7,15.6,0,19,8.2,20.4,1021.2
09-21-21,11.5,8.3,14.6,1.5,299,10.5,29.6,1026.2
09-22-21,12.9,11,16,0.6,292,13.5,31.5,1025.1
09-23-21,14.2,9.8,18.6,0.6,251,19.4,53.7,1014.9
09-24-21,14.5,11.6,16.6,0,271,19.9,50,1012.3
09-25-21,16.5,14.3,19.9,0,252,12.7,31.5,1015.1
09-26-21,17.8,13.5,23.8,0,140,10.6,27.8,1017.6
09-27-21,17.2,14.8,20.4,0.9,145,10.4,22.2,1016.8
09-28-21,15.7,12.2,17.6,0,301,9.5,25.9,1021.1
09-29-21,13,11.4,14.8,6.8,134,10.4,25.9,1018
09-30-21,11.1,8.6,14.3,0,224,16.4,38.9,1023.2
10-01-21,11.4,7.3,17,0,168,15.5,37,1021.6
10-02-21,12.7,8,18.5,0,175,13.6,31.5,1013.6
10-03-21,16.1,12.7,21.2,0,157,18.4,37,1007.8
10-04-21,13.8,12,15.2,1.3,247,8.1,25.9,1016.6
10-05-21,12.2,10.9,13.9,10.3,120,9.9,24.1,1011.5
10-06-21,12.5,8.8,15.8,0,201,11.6,25.9,1015.4
10-07-21,11.3,6.4,17.2,0,61,6.6,20.4,1027.3
10-08-21,11.7,7.3,15.7,0,73,12.1,29.6,1032.2
10-09-21,8,3.8,13.7,0,97,14.9,33.3,1033.5
10-10-21,6.9,2.4,13,0,124,11.6,25.9,1029.3
10-11-21,7.5,2.5,12.7,0,252,13,31.5,1021.7
10-12-21,8.3,5.1,11,0.4,288,16.6,37,1015.8
10-13-21,6.7,3.6,10.7,0,284,13.6,31.5,1020.3
10-14-21,9.7,6.6,12,2.6,247,12.9,29.6,1019.9
10-15-21,10.6,7,12.4,2.2,244,17.6,44.5,1014.1
10-16-21,7.6,5.3,11.2,0,260,11.7,29.6,1020.5
10-17-21,8.3,5.2,11.7,1.1,238,11.3,27.8,1020.4
10-18-21,10.6,8.7,14.4,0.7,234,10.8,24.1,1023.4
10-19-21,11.5,7.6,15.4,0.6,199,13.8,29.6,1019.5
10-20-21,15.3,12.8,17.8,0,213,20,46.3,1007.6
10-21-21,13.2,8,16.1,4.1,233,27.9,74.1,996.2
10-22-21,7.7,6.1,9.4,3,256,26.2,59.3,1008.5
10-23-21,7,4.1,10.3,0,277,19,46.3,1022.7
10-24-21,6.4,3.4,11.5,0,176,11.8,29.6,1028.8
10-25-21,5.7,1.4,11.2,0,181,12.8,24.1,1021
10-26-21,8.2,4.8,11.7,0.2,225,12.3,29.6,1019.3
10-27-21,11.4,9.2,14.6,0,223,14.3,31.5,1022.2
10-28-21,10.3,7.1,15.6,0,175,13,25.9,1021.1
10-29-21,8.5,4.4,14.8,0,163,13.4,25.9,1014.7
10-30-21,8.6,4.9,14,0,159,14.4,31.5,1010.1
10-31-21,11.4,8.2,16.4,0,172,15.4,31.5,1008.7
11-01-21,9.9,8.4,11.8,1.2,185,12.2,33.3,1002.5
11-02-21,8.5,6.3,10.2,5.3,200,7.8,18.5,1001.4
11-03-21,6.7,3.7,10.2,0,164,9.8,22.2,1003.6
11-04-21,7.1,6.2,8.3,28.7,3,18.4,63,999.2
11-05-21,8.1,7.5,9.1,12,271,19.7,59.3,1015.6
11-06-21,8.5,7.5,9.7,0,240,17.8,38.9,1023.6
11-07-21,8.6,7.4,9.9,1.7,238,22.2,50,1011.8
11-08-21,8.1,7.3,9.2,4,265,15.3,40.8,1018
11-09-21,7.7,4.8,10.5,0.2,209,9.8,22.2,1027.8
11-10-21,4.7,1.9,8.7,0,181,9.1,20.4,1025.8
11-11-21,4.7,1.4,7.9,0,234,8.5,18.5,1024
11-12-21,6.2,4,8.4,0,169,9.9,24.1,1020.7
11-13-21,5.1,3.6,7.6,0,156,9.5,22.2,1015.2
11-14-21,5.2,3.9,6.4,0.6,63,8.6,24.1,1024.1
11-15-21,5.4,4.7,6,0,89,13.5,27.8,1029.2
11-16-21,5.1,3.4,7,0,117,10.3,22.2,1024
11-17-21,5.3,4.3,6.5,0,234,12.3,31.5,1019.4
11-18-21,7.3,5.1,9.1,1.7,257,19,44.5,1022.8
11-19-21,11,9.4,11.5,1.2,271,22.8,46.3,1022.4
11-20-21,10.5,9.3,11.1,0.3,265,18.9,42.6,1020.3
11-21-21,8.1,5.1,9.3,0.9,268,12.7,33.3,1010.2
11-22-21,3.5,0.4,5.3,0,328,11.8,27.8,1022.1
11-23-21,4.3,0.4,7.1,0.3,263,13.5,27.8,1025.9
11-24-21,6.3,4.7,7.6,0.5,242,9.9,24.1,1022.5
11-25-21,3.7,2.2,4.7,0,207,11.3,31.5,1010
11-26-21,2.7,1.4,4.6,0,207,12.6,29.6,999.4
11-27-21,1.5,0.1,2.7,2,142,11.6,24.1,993
11-28-21,1.2,0.1,3.3,0.4,210,8.1,16.7,996.8
11-29-21,1.4,0.2,1.9,1.4,289,11.5,27.8,1002.5
11-30-21,3.4,2,5,4.3,263,22.7,59.3,999.7
12-01-21,5.4,2.2,7.5,8,214,21.3,61.1,993.1
12-02-21,2.7,-0.5,6,0.1,278,24.7,75.9,995.9
12-03-21,0.9,-1.1,2.6,0.3,239,18.8,38.9,1006.9
12-04-21,2.2,1.3,3.1,3.5,166,14.2,37,1000.5
12-05-21,1.2,0.6,1.6,3,57,8.7,31.5,1004.3
12-06-21,-0.3,-1.9,1.2,0.1,54,9.1,22.2,1014.9
12-07-21,-1.6,-2.7,-0.3,0,123,15.4,33.3,1012
12-08-21,-0.8,-1.9,0.5,0,118,18.7,37,1006.1
12-09-21,-1.2,-1.6,-0.8,2.1,115,9.8,31.5,1006
12-10-21,-0.4,-1.1,0.4,1.6,130,7.9,18.5,1000.9
12-11-21,-0.4,-1.2,0.6,0,224,7.8,20.4,1012.4
12-12-21,1.2,-0.8,3.5,0.7,211,12.1,25.9,1022.5
12-13-21,5.9,3.7,7.9,0.8,252,8.1,18.5,1025.6
12-14-21,6.4,5.5,7.1,0,244,10.6,22.2,1026.1
12-15-21,7.7,6.6,8.9,0,245,12.5,27.8,1028.7
12-16-21,7.3,4.7,8.5,0.4,287,14.9,31.5,1033.1
12-17-21,5.1,4.5,5.7,0,301,14.3,31.5,1036.9
12-18-21,6,4.9,7,0,282,13.4,37,1034
12-19-21,6.1,3.7,6.7,1.4,303,22.2,48.2,1022.2
12-20-21,1.3,-0.3,3.1,0,313,13.7,33.3,1025.1
12-21-21,0.2,-1.2,1.1,0.1,300,7.3,16.7,1026.9
12-22-21,-1.5,-3.2,-0.1,0,207,9,20.4,1027
12-23-21,-1.3,-3.4,0.7,2.6,187,11.8,25.9,1012.6
12-24-21,1.9,-0.8,3.7,10.6,290,14.4,33.3,1000.4
12-25-21,-4.6,-7.5,-1.8,0,303,6.5,24.1,1013.2
12-26-21,-7.5,-9.9,-4.4,0,123,10.3,31.5,1014.8
12-27-21,-4.6,-8.2,-2.1,0,114,17.8,35.2,1008.9
12-28-21,-0.2,-3.2,2,2.4,131,17,33.3,1000.5
12-29-21,3,1.9,3.9,1.4,232,8.5,20.4,1004.1
12-30-21,7.6,3.9,11.4,3.3,233,14.1,38.9,1011.1
12-31-21,11.8,11.3,12.4,5.2,257,20.8,42.6,1014.4
01-01-22,11.2,9.5,11.7,1.7,260,16.4,42.6,1021.3
01-02-22,9.5,8.1,10.9,2,221,17.7,46.3,1013
01-03-22,8.7,7,10,4,250,20.2,51.8,1006.5
01-04-22,6.8,5.4,7.7,3,232,12.1,29.6,996.8
01-05-22,3.7,3,4.9,2.3,257,18.8,48.2,997.8
01-06-22,0.7,-1.6,2.8,0.3,279,15.9,42.6,1013.5
01-07-22,0.4,-1.5,2.1,1,201,15.6,35.2,1014
01-08-22,1.2,-0.2,3.1,1.4,210,13.2,29.6,1008.6
01-09-22,0.7,-1.3,2.2,0.5,151,14.7,35.2,999
01-10-22,1.5,-0.3,2.6,0.3,22,7.6,20.4,1019.4
01-11-22,-1.8,-3.1,0.1,0,146,10.1,20.4,1035.3
01-12-22,0.2,-2.9,2.5,0.2,239,10.5,25.9,1036.4
01-13-22,4.4,2.6,5.8,0,270,19.8,42.6,1034
01-14-22,5.4,4.1,6.4,0.2,284,20.8,48.2,1029.6
01-15-22,1.7,-0.3,3.4,0,265,9.5,22.2,1029.2
01-16-22,1.5,-0.3,4.1,0.4,231,14.7,44.5,1020.8
01-17-22,4.3,0.8,5.9,2.2,292,25.5,66.7,1021.3
01-18-22,1.6,-0.7,3.8,0,278,11.8,27.8,1034.5
01-19-22,3,1.5,4.4,0.2,232,14.8,46.3,1023.1
01-20-22,1.6,-0.6,3.3,1.6,294,26.1,59.3,1015.1
01-21-22,-0.3,-2.5,2.1,0.6,288,19.4,42.6,1024
01-22-22,2.2,1.5,3,1.3,301,10.5,29.6,1026.8
01-23-22,4.6,2.3,5.6,0.7,296,9.6,24.1,1032.2
01-24-22,5.1,4.2,5.6,0,277,8.4,18.5,1034.5
01-25-22,3.9,3.4,4.3,0.2,277,12.1,27.8,1031.8
01-26-22,3.5,2.8,4,0.3,270,17.4,37,1027.6
01-27-22,4.4,3.2,5.6,2.4,258,25.4,63,1016.4
01-28-22,4.4,2.1,6.1,0.1,293,25,66.7,1022.4
01-29-22,5.1,2.1,7.6,8.1,251,26,79.6,1016.4
01-30-22,5.8,3.2,7.9,1.6,290,36.2,85.2,1012.8
01-31-22,2.2,0.3,3.5,0.6,255,11,40.8,1008.2
02-01-22,2.2,0.4,4.1,5,271,21.2,59.3,1006.4
02-02-22,4.2,2.1,5.8,1.8,297,27.1,66.7,1007.6
02-03-22,4.1,1.5,6.2,3.7,227,13.4,27.8,1015.6
02-04-22,6.5,5.3,8.1,2,229,16.8,48.2,1008
02-05-22,4.7,3.9,6.1,0.9,261,23.7,53.7,1012.7
02-06-22,5.5,4.1,6.9,7.9,239,27.3,63,1000.2
02-07-22,4.4,3.1,6.5,2.6,291,26,63,1008.4
02-08-22,6.1,3.4,8.4,2.7,259,20.9,46.3,1021.4
02-09-22,8.7,8,9.5,1.3,252,18.9,40.8,1022.3
02-10-22,7.2,4.9,8.6,1.9,253,13.1,29.6,1018.2
02-11-22,3.8,0.9,5.2,0.9,278,13.2,31.5,1021.9
02-12-22,0.6,-2.1,4.3,0,213,12.4,29.6,1031.1
02-13-22,2.3,-1.4,7,0,187,16.6,33.3,1017.8
02-14-22,6.5,2.7,11.7,0,185,19.1,38.9,1006.7
02-15-22,6.6,4.7,9.2,0,223,14.8,33.3,1009.1
02-16-22,7.4,4.5,11,7.1,213,26.2,63,998
02-17-22,8.2,5.2,11.4,9,272,35.7,85.2,991.5
02-18-22,6.1,3.6,8.8,3.1,232,25.2,74.1,1000.5
02-19-22,5.5,3.6,7,0.6,252,32,83.3,1003.4
02-20-22,5,2.9,8,8.7,228,21.5,57.4,1003.9
02-21-22,6.2,3.1,8.6,7.2,251,28.6,70.4,993.3
02-22-22,5.3,3.4,7.2,2,271,22.2,51.8,1009.7
02-23-22,6.3,3.5,9.2,2.3,268,21.5,55.5,1019.1
02-24-22,6,1.6,10.5,0.8,207,19.1,53.7,1012.4
02-25-22,4.7,3,6.7,1.9,256,22.4,53.7,1015.5
02-26-22,4.1,1.5,6.7,0,338,13.6,35.2,1030.9
02-27-22,1.9,-1.3,6,0,91,9.7,22.2,1037.5
02-28-22,1.3,-1.7,6,0,113,11.3,27.8,1036.6
03-01-22,1.3,-3.5,7.3,0,150,12.8,25.9,1033.2
03-02-22,1.8,-2,7.2,0,110,7.2,16.7,1026.6
03-03-22,0.8,-2.7,5.1,0,3,9.6,25.9,1022.1
03-04-22,1.6,-0.3,4.4,0,33,10.3,25.9,1024.3
03-05-22,0.9,-1.4,3.8,0,61,8,20.4,1025.6
03-06-22,-0.1,-2.3,2.1,0,8,8.6,24.1,1026
03-07-22,2.5,-1.2,7.2,0,332,12,31.5,1026.2
03-08-22,3.3,-1.8,9.2,0,357,5.8,16.7,1026.5
03-09-22,4.2,-1.6,10.6,0,328,6.9,18.5,1026.8
03-10-22,3.6,-0.6,8.7,0,113,16.4,40.8,1030.9
03-11-22,2.3,-2.1,7.9,0,122,23.4,51.8,1029.6
03-12-22,4.2,-1.5,11.2,0,130,20.2,40.8,1025.9
03-13-22,5.7,-0.6,12.9,0,121,19.2,42.6,1022.9
03-14-22,6.7,1.5,11.9,1.8,166,15.1,31.5,1025.4
03-15-22,8.6,5.2,12.2,0.6,202,8.6,24.1,1027.5
03-16-22,7.8,4.4,11.9,0,54,10.7,25.9,1028
03-17-22,8.7,3.2,14.6,0,139,13.9,31.5,1029.7
03-18-22,8,4.9,12.2,0,0,11.4,25.9,1041.3
03-19-22,5.9,1.8,9.8,0,55,17.5,46.3,1043.9
03-20-22,6.5,1.2,12.3,0,110,21.6,48.2,1039.2
03-21-22,7.1,1.2,13.6,0,132,17.4,38.9,1036.7
03-22-22,8.6,0.8,17,0,135,12,25.9,1034.8
03-23-22,9.8,2.3,17.6,0,55,9,24.1,1031.3
03-24-22,8.4,1.5,15.7,0,27,7.3,18.5,1029.9
03-25-22,9.5,2.3,16,0,311,8.9,25.9,1029.2
03-26-22,8.9,5.1,12.1,0,303,14.4,37,1028.7
03-27-22,9.4,3.4,15.5,0,247,7.8,24.1,1030.7
03-28-22,9.7,5.1,15.2,0,282,13.3,35.2,1021.6
03-29-22,7.3,5,10.3,0,297,15,37,1011.4
03-30-22,4.5,1.9,6.7,0,22,9.4,33.3,1006.1
03-31-22,3.8,0.9,6.4,0,82,22.1,48.2,1004.6
04-01-22,3.8,1.3,6.7,0.2,51,24.7,51.8,1006.5
04-02-22,2.5,0.5,4.8,0,24,20.2,46.3,1013.9
04-03-22,1.8,-2.6,5.6,0,296,13.7,37,1018.3
04-04-22,3.6,1.7,6.3,5.3,239,24.8,70.4,1007.7
04-05-22,6,4.1,7.6,4.3,271,19.1,50,1000.8
04-06-22,9.7,6.1,12.9,4,241,19,48.2,999.5
04-07-22,10,7.7,12.5,3.2,222,25.2,66.7,988.2
04-08-22,7,4.5,9.5,5.2,264,23.4,59.3,992.7
04-09-22,5.4,2.6,8.3,1,277,19.7,55.5,1002.3
04-10-22,4.8,2.6,6.8,1.3,275,19.8,48.2,1014.7
04-11-22,6.5,2.1,10.8,0,270,12.1,31.5,1019.7
04-12-22,8.7,1.2,16,0,116,13.5,33.3,1018.8
04-13-22,13.3,5.8,20.9,0,137,14.5,33.3,1017.4
04-14-22,12,9.1,14.4,3.9,297,9.4,27.8,1018.9
04-15-22,8.2,6.1,10,1.5,322,16.2,38.9,1023.8
04-16-22,7,2.5,11.5,0,28,14.8,35.2,1033.7
04-17-22,7.8,1.3,13.9,0,14,9.6,25.9,1030.7
04-18-22,9.1,2.7,14.8,0,34,9.9,27.8,1021.3
04-19-22,8.6,4.5,12.2,0,37,15.4,42.6,1016.1
04-20-22,9,5.2,12.7,0.5,6,13.4,38.9,1016.7
04-21-22,9.7,7.1,12.4,1.6,48,12.5,31.5,1013.8
04-22-22,10.5,6.2,14.4,0,70,15.6,40.8,1011
04-23-22,11.5,5.3,16.9,0,78,15.9,37,1010.9
04-24-22,11.1,6.4,15.7,0,58,18.6,42.6,1005.7
04-25-22,9.6,6.4,13,0,28,14.9,37,1010.8
04-26-22,10.5,4.3,16.1,0,66,7.3,22.2,1016.7
04-27-22,11,5.6,15.3,0,343,10.7,27.8,1023.2
04-28-22,11,5.5,15.9,0,334,9.6,27.8,1027.9
04-29-22,12,4.2,18.5,0,339,6.5,18.5,1027.7
04-30-22,13,6.4,18.9,0,59,8.1,29.6,1023
05-01-22,11.8,7.7,15.5,0,19,10.6,25.9,1022.1
05-02-22,12.7,7.8,17.3,0,7,8.3,25.9,1019.6
05-03-22,12.3,6.5,17.1,0,339,9.5,29.6,1016.8
05-04-22,13.3,6.9,18.9,0,48,6.1,20.4,1017.8
05-05-22,13.4,10.3,17.2,0.7,344,10.7,29.6,1019.8
05-06-22,13.2,6.9,18.2,0,319,7.9,24.1,1024
05-07-22,15.2,8.9,20.3,0,262,9.6,29.6,1022.1
05-08-22,14,9.7,18.5,0,345,11.1,29.6,1025
05-09-22,14.2,7,21.1,0,89,10.4,24.1,1027.6
05-10-22,18,8.8,25.7,0,176,13,37,1019.5
05-11-22,20.4,15.2,26.5,0,238,13.2,50,1010.9
05-12-22,16.8,13,18.9,0.6,277,17.7,51.8,1013.4
05-13-22,14,9.1,17.8,0,267,14.8,51.8,1016.6
05-14-22,14.8,9.7,19.3,0,280,16.2,46.3,1018.6
05-15-22,14.7,7.7,21.1,0,333,7.8,20.4,1021.5
05-16-22,17.3,9,24.4,0,95,13.8,35.2,1018.7
05-17-22,16.3,13.8,19.6,3.5,28,7.8,27.8,1019.7
05-18-22,17.4,10.6,24.7,0,132,15.9,35.2,1024.4
05-19-22,21.5,13.4,29.1,0,177,14.5,37,1020.2
05-20-22,20,15.9,24.4,3.4,259,13.8,37,1017.4
05-21-22,15.3,12.6,17.7,2.9,281,23.6,61.1,1015.2
05-22-22,13.9,9.6,18.6,0,309,12.8,31.5,1016.5
05-23-22,16.4,8.9,22.8,0,119,17.2,42.6,1009.3
05-24-22,17.7,14.2,21.5,3.3,222,15.4,38.9,1004.7
05-25-22,15.6,11.1,19.9,0,261,11.3,33.3,1013.3
05-26-22,15.7,11.7,19.4,0,263,18.3,55.5,1016
05-27-22,14.5,11.6,17.1,2,279,19.7,53.7,1016.4
05-28-22,11.8,9,14.2,2.7,294,21.4,53.7,1015.3
05-29-22,12,8.8,14.9,1.1,291,17.2,40.8,1012.8
05-30-22,12.5,8.7,16,0,288,14.4,33.3,1012.6
05-31-22,13.5,8.9,17.3,0,290,13.6,31.5,1014.6
06-01-22,14.4,10.1,18.1,0,288,13.6,31.5,1015
06-02-22,,,,,,,,
06-03-22,,,,,,,,
06-04-22,,,,,,,,
06-05-22,,,,,,,,
06-06-22,,,,,,,,
06-07-22,,,,,,,,
06-08-22,,,,,,,,
06-09-22,,,,,,,,
06-10-22,,,,,,,,
06-11-22,,,,,,,,
06-12-22,,,,,,,,
06-13-22,,,,,,,,
06-14-22,14.3,9.9,19,,298,13.7,35.2,1021.6
06-15-22,17.9,9.2,25.1,,106,7.2,24.1,1019.6
06-16-22,18.5,13.7,22.6,,8,13.6,37,1018.6
06-17-22,18.7,12.2,24.5,,298,10,27.8,1022.9
06-18-22,24.5,15.8,32.1,,236,14,40.8,1016.1
06-19-22,25,19.8,32,,24,15.9,46.3,1008.5
06-20-22,15.9,13.1,19.9,,353,11.5,31.5,1011.6
06-21-22,16.7,10.7,22.7,,299,14.9,35.2,1013.6
06-22-22,19.7,11.4,26.2,,245,8,25.9,1012.4
06-23-22,22.3,14.1,29.3,,71,10.7,27.8,1013.9
06-24-22,24.4,17.1,31.9,,131,16.7,46.3,1009.3
06-25-22,21.8,18.6,24.5,,199,6.6,20.4,1010.9
06-26-22,24.2,17.8,30.4,,148,7.6,22.2,1013.9
06-27-22,26.5,19.1,33.9,,144,13.6,40.8,1013.1
06-28-22,21.2,18.6,24.7,,312,12.7,42.6,1019.6
06-29-22,20.4,15.5,24.6,,78,13.1,29.6,1017.4
06-30-22,22.2,18.1,27.2,,80,9.3,22.2,1013.1
07-01-22,20.2,16,24,,285,14.1,44.5,1014.1
07-02-22,19.6,12.7,25.8,,234,9.2,25.9,1022.6
07-03-22,22,14.1,29.3,,147,12.4,33.3,1018
07-04-22,20.6,17,24.7,,305,13,35.2,1017.1
07-05-22,18.9,13.4,23.7,,312,10.8,31.5,1019.7
07-06-22,16.8,13.9,19.3,,303,14.1,38.9,1021
07-07-22,15.4,13.8,17.8,,248,14.1,37,1016.9
07-08-22,16.2,12.2,20,,294,17.1,40.8,1024.1
07-09-22,16.1,12.3,19.9,,285,15.8,37,1022.6
07-10-22,15.2,11.8,18.8,,300,18.3,42.6,1019.4
07-11-22,16,10.9,20.8,,306,13.6,31.5,1020.6
07-12-22,18.9,11.6,25.5,,313,12.4,37,1022.4
07-13-22,21.6,14.9,28,,274,13.7,38.9,1018.4
07-14-22,18.7,14.8,22.4,,310,14.4,35.2,1017.2
07-15-22,16,11.8,19.8,,289,16.8,42.6,1018.7
07-16-22,16.4,13.4,20.4,,281,17.9,51.8,1018.8
07-17-22,16.2,9.9,23,,295,12.8,31.5,1025.5
07-18-22,20.8,13.3,28.1,,252,6.9,24.1,1023.6
07-19-22,25.2,15.2,34.1,,229,8.2,25.9,1019.2
07-20-22,28.5,19.2,37.3,,124,13,35.2,1017.3
07-21-22,24.1,20.8,26.5,,205,12.9,35.2,1016
07-22-22,21.4,18.1,24.9,,273,11.5,31.5,1017.5
07-23-22,18.7,15.8,22.9,,326,10.8,33.3,1017.2
07-24-22,19.6,12.2,27.3,,265,8.6,24.1,1019.4
07-25-22,24.7,16.4,33.6,,182,14.6,40.8,1011.1
07-26-22,20.5,17.3,22.5,,291,14.7,37,1012
07-27-22,16.3,12.1,21,,299,12.7,33.3,1017.2
07-28-22,16.6,10.3,22.4,,332,7.4,24.1,1019.7
07-29-22,20.1,13.2,26.8,,84,15.1,37,1017.9
07-30-22,20.7,17.3,24.8,,62,10.8,31.5,1016.2
07-31-22,20.7,14.2,26.6,,287,9.6,27.8,1015.5
08-01-22,20.7,18.1,23.9,,292,13.3,35.2,1014
08-02-22,20.3,14.4,26.4,,287,7.7,24.1,1018
08-03-22,24.4,16.4,32.5,,185,8.4,24.1,1015.8
08-04-22,27.3,18.8,35.6,,163,10.7,31.5,1013.3
08-05-22,23.2,18.8,26.9,,309,13.4,40.8,1013.3
08-06-22,17.4,13,21.7,,318,13.5,33.3,1024.3
08-07-22,17.6,11,23.4,,20,6.1,18.5,1025.1
08-08-22,19.7,12.7,25.7,,30,7.5,24.1,1024.2
08-09-22,20.9,15.5,26,,33,10.7,25.9,1026.6
08-10-22,21.1,14.3,27.3,,47,10,25.9,1026.7
08-11-22,22.5,15.7,28.9,,87,11.4,29.6,1023.8
08-12-22,23.1,15.3,29.7,,93,12.4,35.2,1021.5
08-13-22,23,17.8,28.4,,76,12.3,35.2,1017.9
08-14-22,24.7,18.4,31.2,,73,10.7,29.6,1011.9
08-15-22,23.2,19.5,27.4,,116,11.4,29.6,1005.6
08-16-22,23.4,17.9,29.4,,248,9.6,27.8,1007.9
08-17-22,24.6,17.7,31.1,,65,6.8,24.1,1011.1
08-18-22,24.5,20.4,30.2,,100,8.9,27.8,1010.7
08-19-22,21.3,19.2,22.7,,335,13.2,31.5,1010.2
08-20-22,19.1,17.8,20.6,,307,11,27.8,1014
08-21-22,18.9,14.7,23.3,,323,9.7,25.9,1015.7
08-22-22,18.2,13.2,23.1,,75,7.8,22.2,1016.7
08-23-22,19.5,15.9,23.9,,33,10.7,27.8,1018.3
08-24-22,20.8,15.2,26.3,,36,9.2,22.2,1020.5
08-25-22,22.5,17.6,27.5,,68,12.4,29.6,1019.2
08-26-22,21.8,19,24.9,,56,8.5,24.1,1013.7
08-27-22,19.7,18.2,21.2,,322,10.4,29.6,1012
08-28-22,18.3,15.5,22,,305,14.1,33.3,1015.8
08-29-22,16.4,12.1,20.9,,292,13,29.6,1019.4
08-30-22,16.9,13.1,20.6,,20,8.8,25.9,1021.8
08-31-22,17.1,13,21.1,,53,12.1,27.8,1023.2
09-01-22,16.2,11.3,20.8,,57,11.3,25.9,1023.3
09-02-22,16,11.3,21,,91,12.9,31.5,1021.3
09-03-22,16.6,11.6,21.6,,100,16.8,40.8,1018.8
09-04-22,17.7,13.2,22.8,,91,14.9,31.5,1021.3
09-05-22,18.2,13.5,23.6,,97,16.2,35.2,1024.5
09-06-22,17.3,13.5,21.7,,101,16.5,35.2,1020.9
09-07-22,18.4,14,23.4,,106,13.8,27.8,1014.9
09-08-22,16.5,15.2,18.4,,120,12.3,27.8,1009.9
09-09-22,16.4,12.9,20.6,,187,10.7,27.8,1011
09-10-22,15.6,12.4,19.5,,239,8.9,24.1,1012.3
09-11-22,15.5,12.7,18.9,,324,11.1,29.6,1015.6
09-12-22,15,10.7,20.1,,285,7.1,16.7,1016.9
09-13-22,15.9,11.6,20.9,,232,13.1,35.2,1009.3
09-14-22,14.5,11.8,17.5,,267,10.5,24.1,1005.7
09-15-22,13.9,11.6,16.5,,271,14.9,40.8,1003.5
09-16-22,13,10.2,16.2,,264,20.7,51.8,1004.3
09-17-22,12,9.5,14.3,,269,18.2,42.6,1004.3
09-18-22,10.2,8.7,12.7,,275,18.3,46.3,1006.4
09-19-22,10.4,7.8,13.6,,294,15.2,37,1011.2
09-20-22,10.2,7.7,13.2,,303,12.9,29.6,1019.2
09-21-22,10.6,6.1,15.7,,316,9.9,24.1,1025.3
09-22-22,10.5,6,16,,61,6.1,18.5,1024.8
09-23-22,10.2,4.3,16.7,,161,8.9,22.2,1019.4
09-24-22,11.6,8.6,15.5,,121,8,18.5,1013.9
09-25-22,12.9,9.9,17.4,,140,7.6,22.2,1011.7
09-26-22,12.6,8.7,17.2,,221,13.2,37,1004.6
09-27-22,10.8,8.6,12.2,,198,14.8,31.5,995.7
09-28-22,8.9,7.3,11.5,,221,9,22.2,997.4
09-29-22,9.1,5.2,14.3,,213,8.3,20.4,1003
09-30-22,9.6,4.7,16.1,,173,9.2,24.1,1010.6
10-01-22,9.8,6.7,12,,198,16.7,38.9,1007.5
10-02-22,12.1,10,14.8,,269,19.1,44.5,1012.8
10-03-22,12.2,10,14.9,,296,20.2,48.2,1020.2
10-04-22,12.6,10.2,15.8,,262,13.1,31.5,1021.3
10-05-22,13.1,8.4,18.4,,207,14.8,33.3,1017.7
10-06-22,14,8.3,17.8,,247,17,48.2,1024.4
10-07-22,10.5,4.9,17.8,,200,11.4,27.8,1024.8
10-08-22,11,8,15.1,,244,14.3,38.9,1017.8
10-09-22,9.6,5.9,15,,217,10.7,25.9,1025.3
10-10-22,10,4.8,16,,166,14.2,31.5,1018.1
10-11-22,10.3,6.8,14,,278,11.8,29.6,1023.8
10-12-22,9,4.7,15.2,,177,8.5,22.2,1025.7
10-13-22,9.6,5,15.8,,174,9.7,24.1,1019.6
10-14-22,11.6,8.4,15.8,,197,10,24.1,1014.6
10-15-22,13.8,11.7,16.8,,192,11.4,24.1,1008.7
10-16-22,14.6,11.1,18.6,,212,12,31.5,1015.4
10-17-22,16.1,11.1,22.8,,178,11.9,31.5,1022.2
10-18-22,14.2,10.4,16,,278,10.4,25.9,1025.2
10-19-22,10.2,5.6,13.4,,324,12.1,27.8,1027.3
10-20-22,7.6,3.4,13.1,,118,15.5,38.9,1022.9
10-21-22,11.4,7.9,15.4,,161,12.7,29.6,1012.4
10-22-22,13.4,11,17.4,,239,9.8,24.1,1013
10-23-22,13.1,9.4,17.5,,187,11,25.9,1015.5
10-24-22,15.3,12.6,19.5,,198,15,35.2,1010.3
10-25-22,13.3,9.9,15.8,,239,13.7,35.2,1014.6
10-26-22,11.5,7.2,17.2,,189,9.6,22.2,1018.9
10-27-22,13.4,9.9,19,,205,10.2,22.2,1024.5
10-28-22,15.7,11.5,22.5,,195,13,27.8,1020.7
10-29-22,15.4,13.4,18.9,,235,10,24.1,1020.5
10-30-22,14.8,11.2,21,,196,8.5,20.4,1018.5
10-31-22,12.9,9.7,17.6,,267,9,22.2,1020
11-01-22,12.5,9.1,16.1,,186,11.6,25.9,1016.2
11-02-22,9.5,6.6,13.6,,227,15.1,42.6,1019.6
11-03-22,8.2,4.4,12.6,,160,14.6,31.5,1015.4
11-04-22,9.1,8,10.4,,242,10.7,27.8,1005.9
11-05-22,8.2,4.9,10.8,,266,12.1,27.8,1015.4
11-06-22,6.9,3.8,11.6,,187,15.4,31.5,1016.1
11-07-22,10,6.4,13.3,,205,16.5,37,1012.3
11-08-22,11.6,9,15.3,,193,15.1,31.5,1012.6
11-09-22,11.8,10.1,14.5,,199,15,29.6,1010.9
11-10-22,10.8,9.1,13.2,,242,15,33.3,1021.6
11-11-22,9.7,7.3,13.1,,233,13.4,27.8,1029.9
11-12-22,7.5,4.4,12.5,,214,8,20.4,1032.8
11-13-22,7.5,5.3,10.6,,110,13.4,31.5,1028.7
11-14-22,6.9,4.5,10.7,,122,14.5,29.6,1019.8
11-15-22,7.7,4.8,12.2,,146,10.7,25.9,1012.7
11-16-22,6.4,5,7.1,,96,17.7,38.9,1007.2
11-17-22,3.8,2.7,4.9,,102,23.9,50,1003.7
11-18-22,0.1,-3.3,3.2,,77,17.5,42.6,1007.8
11-19-22,-1.8,-4.4,0.6,,292,11.4,31.5,1013.8
11-20-22,-0.8,-1.7,0.3,,241,11,24.1,1010
11-21-22,-1.2,-2.8,0.8,,194,8.1,24.1,1005.1
11-22-22,-0.1,-2.6,2.1,,118,15.4,33.3,1002.1
11-23-22,2.6,0.1,6,,140,12.2,24.1,1004.8
11-24-22,2.8,0.5,4.9,,164,7.6,20.4,1011.2
11-25-22,4.7,3.5,6,,169,7.6,16.7,1017.6
11-26-22,6.2,5.5,7.1,,274,10.2,25.9,1027.2
11-27-22,5,3.2,7.1,,165,11,27.8,1026.9
11-28-22,3.6,2.9,4.8,,121,17,33.3,1017.8
11-29-22,3.6,2.9,4.2,,105,13.1,27.8,1019.3
11-30-22,2.9,1.4,4.2,,102,12.5,24.1,1025.6
12-01-22,0.7,0.2,1.1,,81,11,24.1,1029
12-02-22,0.3,-0.5,0.7,,75,14.3,29.6,1027.1
12-03-22,-1.3,-1.8,-0.5,,80,14.2,29.6,1024.9
12-04-22,1.1,-0.6,2.4,,71,14.5,27.8,1020.8
12-05-22,2.4,1.7,3.1,,86,9.8,27.8,1018.4
12-06-22,2.3,1.9,2.7,,273,10.9,25.9,1015.7
12-07-22,1.9,0.8,3,,269,15.8,38.9,1010.4
12-08-22,1.2,0.1,2.2,,230,11.3,29.6,1007.3
12-09-22,-0.1,-1.8,0.7,,133,6.5,18.5,1008.5
12-10-22,-1.8,-2.6,-1,,22,9,20.4,1010.7
12-11-22,-2.4,-3.4,-1.5,,333,8.8,24.1,1010.9
12-12-22,-1.6,-2.7,-0.9,,310,13.9,29.6,1011.5
12-13-22,-3.5,-5.9,-2,,242,10.2,24.1,1012.9
12-14-22,-5.7,-7.3,-2.8,,135,10,22.2,1006.9
12-15-22,-6.3,-8.6,-3.1,,197,8.2,18.5,1008.5
12-16-22,-4.8,-6.9,-2.6,,41,7.3,16.7,1015.1
12-17-22,-4,-4.9,-2.6,,275,6.1,14.8,1026.6
12-18-22,-4.5,-6,-2,,158,12.7,31.5,1033.2
12-19-22,-0.8,-4.9,4.3,,173,18.6,35.2,1023.7
12-20-22,5.6,4.1,7.3,,197,16.7,31.5,1016.3
12-21-22,6.2,5.5,6.9,,210,12.2,29.6,1011
12-22-22,6.1,5.1,7.2,,217,11.4,24.1,1005.3
12-23-22,5.2,4.7,6.2,,216,8.6,22.2,1004.2
12-24-22,4.9,4,5.5,,342,9.1,25.9,1009.6
12-25-22,5.7,3.9,7.7,,179,12.3,29.6,1016.6
12-26-22,8.7,6.8,10.1,,243,17,38.9,1011.2
12-27-22,4.4,2.7,6.5,,253,18.6,46.3,1020.8
12-28-22,5.4,2.8,7.6,,207,19.1,40.8,1014.3
12-29-22,9.4,7.6,11.5,,215,20.5,44.5,1005.8
12-30-22,7.3,6.1,8.9,,206,18.7,42.6,1011.1
12-31-22,12.7,8.1,15.6,,217,23.9,50,1008.3
01-01-23,13.9,11.1,15.5,,224,21.1,50,1014.9
01-02-23,12.1,10.1,14.6,,221,17.4,38.9,1016.1
01-03-23,6.2,3.1,9.7,,252,13.1,33.3,1026.6
01-04-23,6.4,3.5,9.5,,214,22.3,50,1016
01-05-23,7.9,4.6,9.2,,285,23.3,59.3,1012.8
01-06-23,6.2,4.1,8.7,,207,12.6,33.3,1018.3
01-07-23,7,5.2,9.7,,190,12.2,29.6,1016.2
01-08-23,6.7,5.2,8.4,,179,14.9,29.6,1006.2
01-09-23,5.7,4,7.6,,196,12.1,25.9,1000.3
01-10-23,5.1,3.8,6.8,,244,14.1,27.8,1014.8
01-11-23,6.2,3.7,8.1,,206,17.8,37,1011.5
01-12-23,8,6.2,9.5,,213,23.7,53.7,1008
01-13-23,9.2,7,10.5,,226,20.7,42.6,1005.4
01-14-23,7.5,6.7,8.6,,214,22.1,50,1008.9
01-15-23,7.4,4.3,9.8,,227,21.6,48.2,998.7
01-16-23,4.4,2.7,6.7,,169,18.8,42.6,993.2
01-17-23,2.9,-0.5,5,,206,16.8,42.6,985.4
01-18-23,-0.5,-1.5,0.8,,8,7.4,18.5,995.5
01-19-23,-0.8,-3.3,2.3,,198,12.9,29.6,1005
01-20-23,-0.7,-2.2,1.5,,275,7.2,18.5,1016
01-21-23,0.7,-1,2.1,,11,18.5,48.2,1026.4
01-22-23,1.6,1.2,1.9,,51,14.9,37,1030.1
01-23-23,1.6,0.5,2.4,,64,10.1,22.2,1037.5
01-24-23,0,-1.1,1.5,,58,6.5,16.7,1040.3
01-25-23,-0.1,-1.1,1.2,,199,5.4,14.8,1033.2
01-26-23,-0.2,-0.8,0.1,,288,6.6,14.8,1022.7
01-27-23,0.6,-0.7,1.9,,14,12.1,31.5,1024.7
01-28-23,-0.6,-1.6,0.9,,326,9,20.4,1028.1
01-29-23,1.2,-1.4,2.8,,246,15.5,38.9,1023.2
01-30-23,3.5,2.7,4.5,,266,26.2,63,1007.9
01-31-23,3.6,2.4,4.5,,273,24.7,57.4,1013.7
02-01-23,4.1,3.4,4.9,,271,25.7,55.5,1009.3
02-02-23,4,1,5.6,,292,21.9,64.8,1015.7
02-03-23,5.3,1.6,7.7,,265,25.2,68.5,1014.3
02-04-23,1.7,-2.5,4.9,,349,15.7,55.5,1034
02-05-23,-2.3,-4.2,0.9,,156,7.9,22.2,1038.8
02-06-23,-2,-4,0.9,,130,7.6,18.5,1040.2
02-07-23,-2.4,-5.5,1.8,,173,4.8,13,1042.7
02-08-23,-2,-5.2,2.3,,148,10.8,27.8,1041.5
02-09-23,-1.8,-5.5,2.5,,198,13,27.8,1033.4
02-10-23,1.9,-1.1,4.8,,249,15,31.5,1033
02-11-23,6,3,8.4,,268,19.4,44.5,1028.4
02-12-23,6.9,5.8,8.3,,278,10.4,24.1,1036.5
02-13-23,6.5,4.3,8.2,,284,10.6,25.9,1037.6
02-14-23,4.2,1.9,8.2,,196,6.8,16.7,1036.3
02-15-23,2.9,-0.8,7.8,,177,9.1,18.5,1028.6
02-16-23,4.9,0.8,9.2,,236,11.2,25.9,1022.7
02-17-23,8.7,6.3,11.2,,244,22.4,66.7,1014.2
02-18-23,7.2,6,8.3,,275,20.4,61.1,1013.1
02-19-23,4.7,2.8,6.4,,298,15,40.8,1018.2
02-20-23,6.8,2.6,9.7,,260,24,63,1016
02-21-23,8.9,7.1,9.9,,288,20,53.7,1014.3
02-22-23,7.3,4.9,10.4,,133,10,29.6,1016.4
02-23-23,7.2,4.2,10.7,,190,11.4,27.8,1012.4
02-24-23,4,2.9,7.4,,263,17.6,42.6,1003.7
02-25-23,1.4,-0.5,2.9,,317,21.6,50,1001.9
02-26-23,-0.1,-1.7,2.5,,354,15.1,35.2,1019.8
02-27-23,0.1,-2.9,3.6,,14,8.5,22.2,1029.1
02-28-23,0.8,-3,5.2,,77,6.7,18.5,1032.2
03-01-23,1.3,-3.6,7.1,,33,5.4,16.7,1029.4
03-02-23,1,-2.3,5.4,,38,7.8,16.7,1025.4
03-03-23,1.7,-1.3,5.8,,292,10.8,31.5,1022.5
03-04-23,3.2,1.3,5.1,,292,16.9,40.8,1017
03-05-23,1.4,0.2,3.3,,287,15.7,44.5,1011.7
03-06-23,1.1,-1.4,3,,256,11.1,25.9,1004
03-07-23,1.5,-1.2,3.4,,229,18.2,46.3,996
03-08-23,1.1,-0.6,3.2,,213,10.4,27.8,997.9
03-09-23,0.9,-0.1,1.9,,89,12.8,31.5,997
03-10-23,3.3,1.4,5.3,,46,9.9,27.8,990.4
03-11-23,1.7,-0.1,2.9,,305,20.9,48.2,1002.5
03-12-23,2.1,-0.7,4.6,,229,14.8,33.3,1010.4
03-13-23,9.8,5,14.3,,214,21.5,53.7,999.4
03-14-23,9.8,2.6,13.7,,240,20.7,51.8,993.7
03-15-23,2.8,0.6,5.8,,274,16.1,40.8,1013.4
03-16-23,4,-1.7,9.5,,200,12.5,33.3,1021.5
03-17-23,7.7,1.9,14.3,,150,18.3,37,1014.6
03-18-23,11.2,6.5,17.1,,190,12.2,27.8,1012.3
03-19-23,10.9,7.1,15.9,,189,9.3,24.1,1014.8
03-20-23,8.8,7.1,10.6,,276,12.5,33.3,1016.9
03-21-23,9.3,6.8,11.9,,209,10.3,24.1,1015.2
03-22-23,11.9,8,16.2,,217,14.4,40.8,1009.1
03-23-23,12.3,10.6,14.7,,223,16.6,46.3,1005.6
03-24-23,12,8.8,14.9,,222,17.4,46.3,1002.6
03-25-23,9.2,7.7,11.1,,235,18.7,48.2,1002.9
03-26-23,8.2,5.6,10.3,,285,16.5,44.5,1003.3
03-27-23,3.8,1.7,5.6,,318,17.4,44.5,1011.2
03-28-23,2.9,0.4,6.2,,299,18.8,46.3,1021.3
03-29-23,5.4,0.7,9.7,,193,12.4,31.5,1017.5
03-30-23,10.6,7.3,15.1,,214,15.1,44.5,1007.2
03-31-23,10,8.2,12,,214,12.8,29.6,1000.7
04-01-23,8,4.9,9.1,,98,11.4,42.6,1001
04-02-23,4.7,2.6,7.1,,35,20.2,42.6,1020
04-03-23,2,-0.8,3.5,,30,15.9,35.2,1031.8
04-04-23,2,-1.8,5.2,,3,9.9,25.9,1029
04-05-23,2.6,-1.1,5.9,,326,7.9,22.2,1023.8
04-06-23,4.8,-1.2,10.4,,144,10,25.9,1021.4
04-07-23,4,0.6,6.3,,47,10.4,24.1,1020.4
04-08-23,8.1,5.8,11.7,,44,12.3,27.8,1023.5
04-09-23,7.6,2.5,12.9,,6,6.3,16.7,1027
04-10-23,9.5,2.9,15.7,,131,11.5,33.3,1023.2
04-11-23,9.2,6,10.6,,231,17.2,48.2,1010.8
04-12-23,8.4,2,14.5,,170,15.4,44.5,1006.6
04-13-23,9.6,6.8,12.9,,200,11,31.5,1004.3
04-14-23,7.7,6.1,9,,15,11.2,27.8,1008.7
04-15-23,9.6,8.2,11.1,,46,13.8,31.5,1008.1
04-16-23,9.3,8.2,10.6,,15,13.1,29.6,1018
04-17-23,7.9,5.9,9.2,,25,14.9,29.6,1024.9
04-18-23,8.8,5.6,12.3,,39,16.2,37,1027.8
04-19-23,7,4.4,9.8,,20,19.5,48.2,1024.8
04-20-23,9.1,4.6,14.1,,81,14.1,35.2,1020.7
04-21-23,13.9,7.6,20,,89,16.7,38.9,1018.6
04-22-23,15.1,7.6,22.2,,129,14.5,33.3,1012.8
04-23-23,13.8,11.3,16.8,,201,11,25.9,1007.4
04-24-23,12.7,9.4,16.1,,213,15.7,48.2,1003.5
04-25-23,8.5,5.9,9.8,,271,18,44.5,1008.7
04-26-23,6.4,3.6,9.1,,281,17.5,42.6,1015.7
04-27-23,6.5,2.4,10.3,,280,11.3,31.5,1020.3
04-28-23,9.1,2.5,14.8,,129,12.3,33.3,1016.2
04-29-23,11.5,9.3,13.9,,309,11.3,37,1013.2
04-30-23,8.9,4.2,13.7,,330,10.6,27.8,1022.7
05-01-23,10.9,3,18.1,,136,11,31.5,1017.7
05-02-23,10.1,7.5,12.3,,296,14.2,37,1019.4
05-03-23,8.9,4.1,13.4,,315,8.6,22.2,1027.9
05-04-23,11.3,3.3,17.2,,90,9,27.8,1024.5
05-05-23,13.6,8.1,18.4,,89,19.4,48.2,1019.9
05-06-23,10.3,9.1,13.3,,76,15.5,42.6,1018.3
05-07-23,11.2,6.9,15.6,,96,16.7,38.9,1023.4
05-08-23,11.7,5.1,17.8,,116,19.3,44.5,1026.5
05-09-23,13.1,6.3,19.2,,128,21.3,50,1020.3
05-10-23,15.5,8.9,21.7,,143,17.8,44.5,1012
05-11-23,16.9,12,22,,125,14.9,40.8,1015
05-12-23,17.2,11.3,22.4,,89,17.4,44.5,1018.9
05-13-23,16.4,10.4,22,,97,16.1,42.6,1021.3
05-14-23,15.7,9.3,21.3,,95,12.7,38.9,1018.1
05-15-23,15.1,9.9,19.8,,344,9.3,29.6,1009.7
05-16-23,12.5,9.4,15.6,,294,17.1,38.9,1013.8
05-17-23,10.4,6.2,14.2,,309,15.9,38.9,1021.9
05-18-23,10.8,5.2,15,,21,9.4,25.9,1027.7
05-19-23,13.3,7.5,17.7,,75,14.3,35.2,1026.7
05-20-23,15.5,10.8,20.4,,80,16.7,37,1024.3
05-21-23,19.7,13.1,25.8,,95,16.8,40.8,1018.9
05-22-23,20.9,15,26.3,,99,16,37,1016.1
05-23-23,16.3,12.4,19.8,,330,14.5,44.5,1012.9
05-24-23,11.6,8.1,14.9,,293,12.4,38.9,1020.3
05-25-23,13.8,8,18.5,,300,11.4,27.8,1024.4
05-26-23,13.5,8.3,18.1,,331,12.9,35.2,1026.7
05-27-23,14.5,7.1,20.6,,32,7.6,22.2,1027
05-28-23,16.8,8,23.6,,90,8.3,24.1,1021
05-29-23,16.1,10.6,20.4,,3,11.6,29.6,1021.4
05-30-23,15.9,8.6,21.6,,4,10,27.8,1024
05-31-23,17.5,9.5,24.3,,346,9.4,25.9,1024
06-01-23,16.2,11.3,21.2,,303,14.8,37,1017.7
06-02-23,14.5,9.6,18.8,,8,13.7,38.9,1019.5
06-03-23,13.8,7.1,19.6,,79,12,29.6,1023.6
06-04-23,16.4,7.8,23.3,,70,7.9,22.2,1022
06-05-23,18.8,10.1,25.7,,81,10.8,29.6,1021.1
06-06-23,19.4,13.6,24.5,,74,9.4,25.9,1019.1
06-07-23,21.5,15.6,27,,37,10.6,27.8,1018.4
06-08-23,22.2,15.6,28.4,,47,10.8,29.6,1016.6
06-09-23,22.2,16.1,27.4,,38,13.4,37,1015.8
06-10-23,22.3,16,27.9,,62,15,37,1017.2
06-11-23,21.1,13.9,26.7,,84,13.6,33.3,1020
06-12-23,21,14.1,26.7,,96,13.4,35.2,1019.8
06-13-23,18.8,13.4,23.1,,74,14,40.8,1016.7
06-14-23,18.1,12.2,23,,57,12.7,35.2,1018.5
06-15-23,18.4,14.4,22,,4,10.1,27.8,1017.8
06-16-23,15.8,14.2,17.5,,316,10.4,31.5,1015.4
06-17-23,16.6,12.8,20.1,,315,8.8,27.8,1013.9
06-18-23,19.2,12.5,25.4,,293,7.3,22.2,1014.3
06-19-23,21.6,14.3,28.4,,135,10.6,25.9,1013
06-20-23,21.8,16.8,26.4,,130,7.7,20.4,1013.3
06-21-23,23.6,19,28,,267,11,33.3,1014.6
06-22-23,22.9,16.9,27.9,,79,11.3,38.9,1018
06-23-23,19,16.9,21,,40,15.4,38.9,1015
06-24-23,18.9,14,24.3,,304,12.1,29.6,1022.9
06-25-23,21.1,15.6,26.3,,263,6.7,20.4,1019.6
06-26-23,22.2,16.8,29.1,,204,12.1,37,1013.8
06-27-23,16.7,13.9,19,,286,17.4,42.6,1015.6
06-28-23,16.9,12.5,21.4,,295,16.3,38.9,1015.7
06-29-23,19.2,12,24.9,,249,8.1,22.2,1015
06-30-23,19,16.6,20.6,,295,9.3,27.8,1010.7
07-01-23,18.5,14.4,22.6,,223,12,38.9,1006.3
07-02-23,18.5,15.9,21.3,,262,19.3,55.5,1005.6
07-03-23,17.3,12.3,20.9,,243,16,46.3,1009.2
07-04-23,17.7,13.6,21.7,,242,15.4,46.3,1011.5
07-05-23,18.1,12.8,22.9,,190,15.5,46.3,1010.8
07-06-23,17.8,12.2,22.9,,255,10.9,29.6,1017
07-07-23,20.1,11.4,27.6,,149,6.9,22.2,1021.6
07-08-23,23.1,13.8,31,,78,9.6,27.8,1020.6
07-09-23,24.7,16.2,32.3,,86,9.8,25.9,1020.5
07-10-23,23.2,19,27.4,,267,12.5,40.8,1017.7
07-11-23,22.7,15.1,29.6,,188,9.5,29.6,1016.2
07-12-23,23.1,19.7,26.8,,246,16.7,46.3,1008.8
07-13-23,19.9,15.5,24.3,,286,12.7,38.9,1014.4
07-14-23,19.8,13.6,25.7,,224,9.4,24.1,1016.8
07-15-23,24.8,16.2,32.7,,160,13.1,33.3,1009.9
07-16-23,23.1,19.2,26.5,,260,13.6,38.9,1012.4
07-17-23,20.3,14.9,25.3,,255,13.9,44.5,1016.4
07-18-23,18.8,13.9,23.8,,271,11.7,31.5,1018.9
07-19-23,18.4,13.2,22.6,,267,9.6,33.3,1011.9
07-20-23,17.3,14.3,21.3,,294,12.9,35.2,1011.9
07-21-23,16.3,12.3,19.7,,239,6.9,20.4,1011.3
07-22-23,16.8,13.2,20.6,,257,13.6,37,1012.6
07-23-23,19.1,14.8,24,,216,14.3,46.3,1009.3
07-24-23,20.5,17.4,24.2,,224,13.5,37,1003.7
07-25-23,17.5,14.9,20.6,,287,13.7,29.6,1003.5
07-26-23,15.4,12.5,18.4,,284,13.4,35.2,1009.6
07-27-23,15.8,11.6,19.6,,207,12.5,31.5,1008.8
07-28-23,18.4,15.2,21.8,,255,14.2,37,1004.8
07-29-23,19,15.7,21.7,,225,10.5,29.6,1007.5
07-30-23,19,15.2,23.1,,252,12.8,37,1009.3
07-31-23,17.2,14.8,19.6,,220,15,40.8,1008.1
08-01-23,17.6,16,19.5,,226,16.2,40.8,998.7
08-02-23,17.8,14.4,21.5,,205,16.4,40.8,998.9
08-03-23,18.4,15.9,21.1,,221,20.4,53.7,997
08-04-23,18.3,15.7,21.7,,268,13.2,31.5,1009.5
08-05-23,17.2,13.2,21.1,,348,8,18.5,1013.5
08-06-23,15.9,14.3,16.9,,350,9.3,25.9,1005.1
08-07-23,15.3,13.4,17.6,,277,22.3,61.1,1004.8
08-08-23,14.8,11.5,18,,254,20.4,50,1009.8
08-09-23,15,10.5,19,,255,12.4,31.5,1013.6
08-10-23,15.1,10.3,19.9,,277,9.4,27.8,1019.9
08-11-23,18,10.5,25.3,,210,7.4,22.2,1021.4
08-12-23,20.4,15.5,25.3,,172,11.5,27.8,1017.4
08-13-23,20.9,16.4,25.3,,251,9,24.1,1017.4
08-14-23,22.4,15.5,29.1,,165,9.2,25.9,1016.1
08-15-23,24.3,19.2,29.8,,211,9,25.9,1015.2
08-16-23,22.3,18.9,26.4,,355,9.4,29.6,1019.6
08-17-23,21.6,17.9,25.5,,76,13.9,29.6,1019.4
08-18-23,23.1,18.3,28.4,,85,10.3,25.9,1017.9
08-19-23,25,18.6,31.6,,119,9.2,22.2,1017.3
08-20-23,23.5,19.7,27.7,,320,10.9,27.8,1020.8
08-21-23,22.1,18.1,26.6,,339,9.6,29.6,1022.2
08-22-23,20.7,17,25,,54,8,20.4,1019.9
08-23-23,20.1,14.9,25.2,,261,9.8,29.6,1019
08-24-23,21.3,14.9,27.8,,209,8.5,24.1,1016.5
08-25-23,23.1,19,27.7,,208,9.7,27.8,1009
08-26-23,20,15.1,23.2,,246,12.5,37,1009.7
08-27-23,16.6,12.9,20.6,,147,7.9,20.4,1010
08-28-23,15.5,12.8,18.2,,270,9.5,24.1,1010.6
08-29-23,14.5,13.1,15.7,,358,9.7,24.1,1009.4
08-30-23,15.8,13.2,19.6,,271,7.5,20.4,1007.4
08-31-23,14.1,12.6,16.1,,236,13.4,37,1008.4
09-01-23,15.1,10.8,20,,247,10.8,29.6,1013.5
09-02-23,15.7,10.5,21.3,,284,7.9,22.2,1019.6
09-03-23,15.6,12.1,19.3,,305,10.9,31.5,1025.4
09-04-23,17.6,11.8,24,,270,7,16.7,1028.1
09-05-23,19.7,13.4,27.1,,155,10.3,24.1,1024.1
09-06-23,20.6,12.7,28.7,,125,9.4,22.2,1022.7
09-07-23,21.1,13.9,28.5,,103,13,31.5,1023.7
09-08-23,21.3,14.7,29,,121,12.3,25.9,1021
09-09-23,21.2,13.6,29.8,,142,10.9,27.8,1018
09-10-23,21,12.7,29.8,,241,8.8,22.2,1017.1
09-11-23,21.4,13.7,29.6,,193,7,18.5,1014.2
09-12-23,21.2,14.7,28.6,,218,8.4,22.2,1011.9
09-13-23,19,15.7,21.5,,322,13.1,38.9,1013
09-14-23,15.3,11.6,19.2,,317,10.2,25.9,1021.8
09-15-23,15.8,9.8,22.1,,109,11.8,31.5,1022.2
09-16-23,18,12.5,24.6,,118,12.4,29.6,1017.7
09-17-23,19.3,13.2,26.2,,136,7.6,22.2,1015.4
09-18-23,20.8,16.2,26.8,,162,13.8,33.3,1009.3
09-19-23,18.2,15.9,20.8,,233,16.7,44.5,1008.9
09-20-23,18.5,14.3,24,,204,15.4,37,1010.1
09-21-23,20.3,14.1,27.8,,152,13.6,31.5,1003.8
09-22-23,17.3,14.5,18.6,,204,11.7,25.9,1002.2
09-23-23,14.6,12,17.6,,233,13.4,37,1012.1
09-24-23,13.7,9.6,19.1,,256,9,20.4,1025.3
09-25-23,14.4,8.5,21.1,,135,9.9,25.9,1026.8
09-26-23,17.1,11.3,23.6,,118,9.4,24.1,1023.1
09-27-23,18.9,13.4,25.8,,140,8.1,20.4,1020.6
09-28-23,18.7,13.5,25.7,,181,9.7,20.4,1017.3
09-29-23,18,13.7,22.4,,201,9.8,25.9,1017
09-30-23,15.7,12.7,18.9,,279,14.8,35.2,1023.1
10-01-23,15.4,12.2,19.1,,242,10.8,25.9,1023.3
10-02-23,17.9,13.1,23.8,,215,10.4,25.9,1020.2
10-03-23,17.9,14.2,23.7,,221,18.1,48.2,1012.1
10-04-23,14.5,11.9,17.2,,258,19.3,46.3,1022.2
10-05-23,13.6,11.6,15.6,,253,16.6,44.5,1021.2
10-06-23,14.5,11.5,17.6,,233,15.5,42.6,1021.5
10-07-23,15.4,13,16.3,,273,19.2,46.3,1015.2
10-08-23,11.9,9.3,14.6,,313,10.4,25.9,1023.3
10-09-23,10.4,8.3,12.7,,133,8.7,20.4,1018.5
10-10-23,13.7,10.7,16.4,,229,10.2,25.9,1017.8
10-11-23,17.5,13.3,22.6,,223,16.7,40.8,1011.5
10-12-23,15.2,12.6,17.3,,263,12.6,35.2,1011.9
10-13-23,16.4,12.5,20.7,,195,16.3,40.8,1009.4
10-14-23,15,9.5,17.9,,256,20.8,48.2,1005.2
10-15-23,8.7,7.1,10.6,,270,21.6,50,1014.2
10-16-23,7,4.6,9.7,,275,14.2,37,1020.1
10-17-23,6.4,3.5,11,,225,6.5,14.8,1021.5
10-18-23,6,1.1,11.7,,125,10.8,31.5,1015.5
10-19-23,6.6,5.5,7.8,,96,17.1,35.2,1001
10-20-23,6.7,5.6,7.5,,84,21.3,46.3,992.2
10-21-23,11,6.6,16.6,,167,12.5,35.2,996.1
10-22-23,11.6,8.4,15.9,,211,10.4,27.8,1007.5
10-23-23,11.1,8.4,15.4,,224,8.9,20.4,1014.1
10-24-23,11.1,9.1,13.3,,121,11.3,27.8,1006.8
10-25-23,10.9,9.1,13.5,,256,9.1,25.9,1001.9
10-26-23,9.7,9.2,10.5,,53,10.1,29.6,994.9
10-27-23,8.9,8.1,10,,71,9.5,22.2,995
10-28-23,9.6,8.6,11.1,,192,7.8,20.4,999.6
10-29-23,11.7,8.4,15.6,,187,16.8,40.8,1000.4
10-30-23,12.6,11.3,15,,184,13.7,33.3,1002.2
10-31-23,11.2,8.8,13,,246,16.1,50,998.2
11-01-23,10.1,7.6,13.3,,192,11.8,29.6,1005.5
11-02-23,11.1,8.4,14.2,,157,16.3,38.9,993.1
11-03-23,9.4,8,11.2,,219,11.3,24.1,986.6
11-04-23,8.6,6.7,11.4,,191,17.1,40.8,988.5
11-05-23,9.4,7.3,11.7,,187,17.4,40.8,981
11-06-23,10.4,8.7,12.4,,236,19.8,46.3,998.9
11-07-23,9.2,7.2,12.1,,217,16,35.2,1009.4
11-08-23,8.3,6.6,10.4,,222,16,38.9,1011.6
11-09-23,9,7.2,10.9,,193,17.3,38.9,1005.2
11-10-23,8.3,5.4,10.6,,197,14.4,33.3,1000.7
11-11-23,6.1,3.9,9,,212,9.7,20.4,1001.9
11-12-23,5.9,4.8,7.5,,234,9.3,22.2,1007
11-13-23,5.7,2.8,7.9,,190,12.8,35.2,1005.8
11-14-23,10.3,8.2,12.3,,242,21.4,53.7,999.1
11-15-23,8,5.8,9.9,,274,15.2,38.9,1008.5
11-16-23,6.5,3.7,8.5,,237,15.3,40.8,1011.2
11-17-23,4.1,3.1,5,,283,17.6,42.6,1014.5
11-18-23,4,2.6,5.6,,259,11.7,27.8,1023.5
11-19-23,6.9,3.8,9.8,,206,16.8,37,1008
11-20-23,9.2,8.8,9.8,,253,10.3,27.8,1005.8
11-21-23,4.8,0.8,8.8,,18,14,33.3,1015.7
11-22-23,-0.3,-2.2,1.4,,118,10.5,29.6,1027.8
11-23-23,6.9,0.9,10.1,,254,26.5,66.7,1010.8
11-24-23,4.9,2.5,8,,285,24.8,61.1,998.5
11-25-23,1.9,0.3,3.5,,302,15.4,37,1003.9
11-26-23,-0.4,-1.4,1,,279,10.5,24.1,1012
11-27-23,-0.6,-2,0.8,,132,11.3,35.2,1006.3
11-28-23,-1.2,-2,-0.2,,22,15.7,38.9,1001.8
11-29-23,-0.9,-2,0,,204,15.5,35.2,1002.3
11-30-23,-2.4,-4.5,-0.4,,207,7.5,29.6,1004.2
12-01-23,-3.9,-4.5,-2.7,,1,6.1,14.8,1006.8
12-02-23,-3.6,-4.7,-2.1,,320,8.6,22.2,1010.9
12-03-23,-2.3,-3.6,-0.9,,269,11,24.1,1020.3
12-04-23,-2.5,-4.1,-0.7,,145,13.8,31.5,1017.4
12-05-23,-1.6,-2.7,-0.2,,114,16.9,33.3,1010.2
12-06-23,0.2,-0.4,0.6,,138,11,27.8,1012.5
12-07-23,0.5,0.1,0.9,,220,6.8,16.7,1020
12-08-23,0.3,-0.2,1.2,,128,14.5,33.3,1014.7
12-09-23,2.7,1,4.5,,170,12.2,35.2,1010.2
12-10-23,4.9,2.6,6.9,,195,17.1,38.9,1001.9
12-11-23,7.4,6.7,8.2,,233,17.2,40.8,998.1
12-12-23,5.8,4.6,7.1,,237,10.4,40.8,1006.1
12-13-23,4.2,3.9,4.5,,84,13.7,29.6,1001.2
12-14-23,2.7,1.8,3.8,,9,11.8,27.8,1014.6
12-15-23,2.9,0.8,5.5,,259,11.2,25.9,1029.9
12-16-23,6.6,5.5,8,,254,16.5,37,1035
12-17-23,8.1,6.6,9,,252,18.6,38.9,1032.4
12-18-23,6.5,6,7.1,,251,18.1,37,1027.5
12-19-23,7,6.4,7.6,,237,17.1,35.2,1016.5
12-20-23,5.7,4.6,6.5,,259,19.8,51.8,1007.2
12-21-23,7.1,5.6,8.6,,253,25.8,70.4,989.8
12-22-23,4.3,2.7,5.8,,282,33,77.8,989.4
12-23-23,2.5,1.5,3.4,,279,21.9,55.5,999.6
12-24-23,7,2.2,10.9,,240,19.8,57.4,999.4
12-25-23,9.9,8.5,11,,264,22.5,57.4,1001.2
12-26-23,8.7,6.1,9.8,,259,22.9,57.4,1006.5
12-27-23,4.7,3.3,5.8,,217,15.2,46.3,1019.1
12-28-23,8,4.5,10.4,,216,19.5,42.6,1011.7
12-29-23,9.2,8.2,10.5,,227,22.2,50,1007
12-30-23,7,5.3,8.8,,246,17.8,44.5,1009.9
12-31-23,5.5,3.5,7.5,,164,14.1,27.8,1007.5
01-01-24,5.7,4.6,7.1,,209,14.7,29.6,1005.5
01-02-24,5,3.5,6.7,,164,14.8,31.5,999.9
01-03-24,8.7,6.9,10.6,,218,19.9,44.5,989.8
01-04-24,5.2,1.2,8.5,,277,19.3,55.5,997.2
01-05-24,0.6,-0.1,1.5,,97,14.6,33.3,1006.2
01-06-24,0.3,-1,1.5,,79,16.8,37,1010.9
01-07-24,-2.3,-3.6,-1.3,,36,16.3,35.2,1022.9
01-08-24,-5.4,-6.9,-3.5,,53,15.6,31.5,1033.4
01-09-24,-6.8,-9,-3.7,,78,9.7,20.4,1037.8
01-10-24,-6,-8.5,-2.2,,79,8.3,18.5,1034.2
01-11-24,-3,-6.3,-0.4,,299,10.8,25.9,1030.8
01-12-24,-0.8,-2.2,0.8,,276,12,27.8,1028.4
01-13-24,1.9,0.9,3,,264,20.1,48.2,1015.3
01-14-24,2.7,2.2,3.4,,266,21.1,46.3,1002.5
01-15-24,1.5,-0.9,2.5,,272,22.2,55.5,994.1
01-16-24,-0.6,-2.5,0.5,,256,11.5,29.6,1004.8
01-17-24,-1.8,-3.8,-0.4,,174,11.4,25.9,996.6
01-18-24,-1.7,-3,-0.2,,296,9.4,22.2,996.6
01-19-24,-1,-3.5,1.6,,250,17.7,38.9,1013.7
01-20-24,0.8,-0.3,2.4,,251,19.5,42.6,1024.7
01-21-24,0.4,-3.1,3.6,,191,17.9,40.8,1024.9
01-22-24,6.5,3.1,8.8,,214,24.4,55.5,1010.5
01-23-24,6.1,5,7.4,,246,21.3,50,1017.6
01-24-24,9.1,6.6,10.7,,252,30,72.2,1010.7
01-25-24,7.3,5.5,8,,284,25.2,68.5,1021.1
01-26-24,5.3,3,7.6,,235,18.1,55.5,1020.8
01-27-24,5,3.3,6,,282,20.7,53.7,1030.4
01-28-24,2.8,-0.2,7,,180,12,27.8,1034.4
01-29-24,3.7,-0.1,8.8,,177,14.1,27.8,1029.6
01-30-24,5,1.4,8.9,,199,11.6,25.9,1028.3
01-31-24,6,3.9,7.1,,252,15.8,35.2,1028.9
02-01-24,6,4.4,7.7,,269,21.6,51.8,1022.7
02-02-24,6.2,5.2,8.2,,257,20.3,50,1023
02-03-24,9.4,8.4,10.3,,273,23.5,51.8,1017.7
02-04-24,7.7,6.9,8.6,,272,22.9,53.7,1014.4
02-05-24,9.1,8.2,9.6,,271,25.8,61.1,1009.6
02-06-24,9.4,8.4,10.3,,250,27,59.3,1004.7
02-07-24,5.3,1.6,9.4,,279,18.5,57.4,1001.1
02-08-24,1.7,-0.6,4.3,,183,7.9,22.2,1002
02-09-24,3.9,1.4,6.9,,114,14.1,35.2,992.4
02-10-24,8.8,6.6,11.6,,121,10.7,29.6,991.6
02-11-24,8,7.5,9,,51,13.4,31.5,991.2
02-12-24,7.5,5.8,8.6,,278,16.2,37,1000.1
02-13-24,5.6,4,8.1,,253,14.1,33.3,1015.9
02-14-24,6,3,8.9,,201,13.7,29.6,1017.8
02-15-24,10.7,8.7,13,,203,11.7,24.1,1017.3
02-16-24,12.2,8.8,15.8,,190,15,31.5,1014.7
02-17-24,9.4,5.5,12.4,,290,15.8,40.8,1026
02-18-24,6,2.1,9.5,,173,12.4,29.6,1028.6
02-19-24,7.9,7.2,8.6,,270,18.6,50,1017.9
02-20-24,7.7,7.2,8.2,,275,16.5,40.8,1021.8
02-21-24,8.5,7.1,10.9,,224,16,35.2,1015.5
02-22-24,9.5,7.9,11.5,,188,18.5,42.6,995.1
02-23-24,8.4,4.8,10.6,,207,18.1,46.3,994.6
02-24-24,6.1,1.9,11.1,,189,12.4,35.2,1002.5
02-25-24,6.5,2.2,12.1,,174,12.2,33.3,1006.2
02-26-24,5.9,1.7,10.4,,74,12.4,29.6,1006.9
02-27-24,5.4,3.5,6.8,,8,13.8,29.6,1015.4
02-28-24,4.2,1.1,6.5,,287,9,22.2,1020.8
02-29-24,4.8,-0.5,10.5,,148,13.6,31.5,1016.3
03-01-24,8.3,4.4,13.4,,143,10.2,22.2,1007.2
03-02-24,9.2,7.6,12,,140,9,22.2,1007
03-03-24,10.1,7.3,13.7,,104,13.9,31.5,1005.8
03-04-24,9.3,6.3,13.2,,73,12.7,27.8,1009.4
03-05-24,5.6,2.1,8.4,,64,12.9,29.6,1016.2
03-06-24,4.6,0.9,8.1,,59,10.2,24.1,1023.9
03-07-24,4.8,2.2,7.9,,76,14.1,33.3,1026.6
03-08-24,3.7,-1,8.7,,98,15.1,33.3,1021
03-09-24,5.4,1.1,9.6,,108,17.6,37,1010.8
03-10-24,8.5,4.2,12.8,,101,19.3,42.6,1003.9
03-11-24,10.2,6.5,13.6,,160,14,37,1003.9
03-12-24,8.3,4.1,12.7,,274,8.9,24.1,1013.3
03-13-24,8.7,4,13.4,,219,10,25.9,1016.5
03-14-24,11.2,8.2,15,,211,10.6,25.9,1014.1
03-15-24,11.7,7.6,16.6,,203,13.1,31.5,1009.4
03-16-24,9.6,5.5,11.8,,260,16.8,44.5,1013.5
03-17-24,4.9,2.5,8.1,,319,14.3,35.2,1023.3
03-18-24,3.1,-1.1,7.5,,96,12,25.9,1021.3
03-19-24,4.3,-0.9,9.5,,130,11.7,25.9,1022.2
03-20-24,9.1,2.9,15.4,,171,9.3,20.4,1020.4
03-21-24,10.8,8.7,13.5,,256,11.9,33.3,1018.8
03-22-24,10,7.2,13.3,,241,13.8,35.2,1015
03-23-24,6.5,4.2,9.2,,288,12,37,1006.1
03-24-24,4.9,2.5,7,,224,16.4,38.9,1001.1
03-25-24,5.9,2.7,8.5,,272,13.7,35.2,1003.5
03-26-24,7.7,1.3,14.1,,128,15.4,38.9,1000
03-27-24,11.7,5.6,17.8,,124,15.7,33.3,988.9
03-28-24,10.5,8,13.7,,212,17.6,51.8,989.1
03-29-24,10.2,6,14.4,,191,15.6,38.9,1000
03-30-24,15.5,8.7,23.4,,136,11.4,27.8,999.8
03-31-24,14.4,9.1,20.3,,234,9.3,25.9,998.2
04-01-24,13,9,18.7,,126,13,44.5,995.5
04-02-24,11.2,8.9,13.5,,258,22,55.5,1002.7
04-03-24,9.4,8.3,11,,244,13.7,38.9,1007
04-04-24,11,8.7,13.5,,212,15.5,38.9,1007.9
04-05-24,13.7,9.2,18.4,,221,16.7,42.6,1011.2
04-06-24,16.8,11.6,22.8,,220,12.8,31.5,1014.7
04-07-24,18.2,12.8,23.2,,206,12.7,31.5,1014.4
04-08-24,19.4,13.8,26.6,,143,9,25.9,1010.9
04-09-24,18.7,13.4,26.3,,198,14.7,48.2,1008.1
04-10-24,11.9,8.5,13.8,,266,14.7,37,1024.1
04-11-24,11.5,5.8,16.2,,224,13.3,37,1030.6
04-12-24,15,10.8,19.7,,244,13.1,37,1028.9
04-13-24,16.9,11.9,21.2,,251,15.5,42.6,1022.6
04-14-24,14.9,9.9,16.7,,274,18.3,48.2,1016.5
04-15-24,10.2,7.1,13.4,,234,11.7,42.6,1007.8
04-16-24,7.6,5.6,10,,270,19,48.2,999.9
04-17-24,6.8,3.2,10.4,,326,10.2,27.8,1007.6
04-18-24,6.5,2.3,10.6,,336,10.2,29.6,1014.2
04-19-24,6.5,5,8,,238,13.8,37,1006.2
04-20-24,5.5,3.2,7.5,,1,15,42.6,1012.8
04-21-24,4.1,0.1,7.3,,56,12.6,31.5,1023
04-22-24,2.7,-0.5,5.2,,30,9,25.9,1024.5
04-23-24,4.1,-0.7,8,,238,7.9,24.1,1019.4
04-24-24,5.7,2.2,9.6,,170,9.2,27.8,1008.1
04-25-24,5,1.5,8.2,,208,10,29.6,1005.1
04-26-24,8.7,3,14.1,,184,13.1,35.2,1007.2
04-27-24,12.8,5,19.9,,157,11.3,31.5,1010.8
04-28-24,16.4,9,23.6,,142,14.5,33.3,1012.8
04-29-24,15.6,11.7,19.8,,349,9,27.8,1021.5
04-30-24,19.7,11.6,27.6,,102,16,38.9,1018
05-01-24,20.8,14.2,26.6,,117,20.2,50,1011.4
05-02-24,20.6,14.6,26,,111,20.1,48.2,1005.2
05-03-24,18.3,14.4,22.5,,168,12,31.5,1008.5
05-04-24,15.9,12.2,19.4,,277,9.1,24.1,1015.4
05-05-24,15.6,12.8,19.6,,201,12.9,38.9,1009.2
05-06-24,14,9.3,18.3,,286,11.1,29.6,1009
05-07-24,12.6,9.2,15.9,,44,11.9,27.8,1016.9
05-08-24,13.3,8.7,17.5,,54,11.6,27.8,1024.8
05-09-24,13.3,6,19.2,,354,7.2,20.4,1026.1
05-10-24,15.8,10,20.8,,307,7.6,22.2,1023.1
05-11-24,15.3,11,19.1,,38,9.4,27.8,1022.5
05-12-24,15.3,9.6,20.3,,92,15.1,33.3,1022.3
05-13-24,17.1,9.6,24,,109,16.5,37,1017.5
05-14-24,18.8,11.2,25.5,,108,17.3,40.8,1013.6
05-15-24,20.1,13.1,26.3,,109,20.8,50,1012.1
05-16-24,20.2,14.1,25.9,,113,22.9,57.4,1010.8
05-17-24,20,15.4,25.8,,109,20.4,51.8,1010.3
05-18-24,16.6,13,20.1,,106,12.6,33.3,1010.1
05-19-24,14.8,11.4,17.3,,160,8.2,22.2,1009.6
05-20-24,16.2,11.6,20.9,,133,7.7,24.1,1011.1
05-21-24,20.1,12.6,26.3,,85,16.2,42.6,1010.3
05-22-24,19.6,15.6,23.7,,130,13.2,33.3,1007.4
05-23-24,17.4,14.3,21.8,,281,13.3,33.3,1013.4
05-24-24,18.1,12.7,22.6,,81,11.2,31.5,1018.1
05-25-24,19,14.8,23.2,,144,8.7,24.1,1017
05-26-24,19.4,14,24.2,,146,9.6,29.6,1017.8
05-27-24,18.8,15.6,22,,164,8.7,20.4,1016.8
05-28-24,15.9,11.9,17.5,,242,9.8,25.9,1015.8
05-29-24,16,9.6,21.6,,185,13.3,37,1013
05-30-24,16.5,13.1,20.8,,153,9.1,25.9,1006.4
05-31-24,17.8,13.1,22.7,,210,7.6,18.5,1007
06-01-24,19.8,15.6,23.8,,16,12.9,35.2,1010
06-02-24,18.4,15.9,20.7,,319,13.1,33.3,1014.1
06-03-24,15.6,13.4,18.1,,290,14,29.6,1016.2
06-04-24,16.2,12.6,19.9,,252,9.4,22.2,1013.9
06-05-24,15.9,12,19,,239,12.8,33.3,1010.5
06-06-24,15.6,11.3,19.5,,284,9.7,27.8,1016.2
06-07-24,15.4,11.2,19.2,,312,9.9,29.6,1017.3
06-08-24,17.7,10,24.4,,212,12.4,35.2,1011.4
06-09-24,15.6,11.2,19.7,,280,13.6,35.2,1008.4
06-10-24,14,9.5,17.6,,278,10.4,29.6,1006.4
06-11-24,13.1,10.6,15.9,,251,18.1,50,1008.9
06-12-24,13.1,8.9,16.9,,263,13.2,35.2,1016.3
06-13-24,13.2,9.3,17.3,,273,10.3,29.6,1017.5
06-14-24,14.6,9.2,18.5,,155,12.7,33.3,1013.2
06-15-24,16.7,12.5,21.1,,188,14.5,38.9,1007.1
06-16-24,17.6,10.4,23,,200,11.4,33.3,1009.8
06-17-24,18.5,13,22.4,,221,10.4,29.6,1012.4
06-18-24,19.5,14,25.1,,218,8.4,24.1,1014.1
06-19-24,16.5,13.5,18.2,,299,10.9,25.9,1014.1
06-20-24,16.8,10.1,22.6,,268,8.1,20.4,1021.3
06-21-24,21,15,27.3,,127,10.7,25.9,1013.1
06-22-24,19.1,16.9,21.6,,260,15.5,40.8,1009.9
06-23-24,18,14.1,21.7,,294,13.6,35.2,1016.3
06-24-24,18.8,12.6,23.8,,340,8,20.4,1019.9
06-25-24,21,14.4,26.5,,92,11.8,31.5,1018.5
06-26-24,23.9,16.9,30.1,,94,13.5,29.6,1013.3
06-27-24,24.3,19.8,29.3,,138,10.4,27.8,1009.4
06-28-24,22.6,18.5,25.9,,253,12.9,40.8,1012
06-29-24,22.3,14,29.5,,105,10.1,29.6,1015.2
06-30-24,22.6,18,26.8,,221,16.2,44.5,1004.4
07-01-24,17.3,14.6,18.7,,279,11.7,31.5,1010.8
07-02-24,14.9,12.4,16.3,,269,14.7,33.3,1010.7
07-03-24,15.3,13.4,17.9,,268,12.7,29.6,1008.6
07-04-24,15.3,12.5,17.8,,235,13.4,38.9,1006.6
07-05-24,16.1,11,20,,235,14,40.8,1010.3
07-06-24,20.7,13.1,28.6,,194,15.8,44.5,1005.3
07-07-24,18.2,14,21.8,,237,13.3,31.5,1012.4
07-08-24,19.3,12.5,24.9,,217,9.7,27.8,1017.3
07-09-24,23.9,16.6,30.9,,112,12.2,29.6,1017.9
07-10-24,24,20.5,27.4,,222,11.3,27.8,1014.5
07-11-24,21.8,19.2,25.2,,274,9.4,27.8,1015.8
07-12-24,21.7,17.3,26.1,,112,11.5,33.3,1012.1
07-13-24,18.7,15,22.5,,260,13.4,35.2,1010.3
07-14-24,18.9,12.6,24.1,,240,8.2,27.8,1013.5
07-15-24,21.8,14,28.6,,198,9.1,25.9,1013
07-16-24,21.9,18.5,26.1,,219,11.5,33.3,1010.7
07-17-24,19.6,15.5,23.3,,254,13.3,35.2,1017.8
07-18-24,20,14.6,25.6,,300,8.8,22.2,1022.9
07-19-24,22.6,15.1,29,,95,7.7,22.2,1020.7
07-20-24,24,17.6,30.1,,97,11,25.9,1013.3
07-21-24,25.2,17.7,32.2,,134,10.4,25.9,1008.1
07-22-24,21.8,18.3,23.2,,276,14.5,38.9,1012.2
07-23-24,20.2,13.7,26.2,,236,10.4,29.6,1016.2
07-24-24,18.9,16.1,21.9,,294,14.4,37,1015.5
07-25-24,17.5,12.5,23,,298,10.1,27.8,1015.7
07-26-24,18.9,14,23.1,,168,10.2,25.9,1011.9
07-27-24,19.4,16.9,22.7,,247,7.6,18.5,1013.6
07-28-24,19,16.6,22.3,,324,14.6,38.9,1018.7
07-29-24,17.9,12.5,23,,308,12.9,33.3,1023.9
07-30-24,20,11.9,27.3,,146,7.6,22.2,1019.1
07-31-24,22.7,15.5,29.1,,113,8.3,22.2,1014
08-01-24,22.2,16.9,26.5,,38,8.6,22.2,1012.1
08-02-24,18.9,17.1,20.3,,18,10.3,24.1,1010.4
08-03-24,19.9,14.9,24.7,,300,8.1,22.2,1010.7
08-04-24,19.2,17,22,,257,12.1,33.3,1010.8
08-05-24,18,13.9,22.2,,306,12.1,29.6,1014.7
08-06-24,19.7,12.6,26.1,,133,8.5,22.2,1014.1
08-07-24,21.6,15.1,28.9,,154,9.8,22.2,1011.1
08-08-24,20.1,16.7,22.7,,287,12.4,31.5,1014.5
08-09-24,19.1,14.2,23.1,,218,12.8,35.2,1014.7
08-10-24,20.1,14.7,25.3,,269,12.3,33.3,1018.1
08-11-24,20.2,16.7,24.6,,298,11.4,33.3,1020.4
08-12-24,20.4,13.2,26.9,,65,7.6,22.2,1016.8
08-13-24,22.5,14.6,29.9,,103,14,29.6,1013.2
08-14-24,24.5,17.2,31.8,,120,14.9,33.3,1011.7
08-15-24,23.6,20,27.6,,260,10.2,27.8,1014.2
08-16-24,23,17.1,28.7,,252,11.1,33.3,1014.9
08-17-24,22.3,18.7,26.6,,298,8.8,25.9,1012.4
08-18-24,20.2,17.9,22.7,,4,11.6,29.6,1009.6
08-19-24,18.7,15.8,22.3,,335,11.4,27.8,1016.1
08-20-24,19.7,12.5,26.9,,136,10.2,25.9,1014.5
08-21-24,19.5,15.3,21.4,,256,16.9,48.2,1011.4
08-22-24,17.4,12.5,22.4,,225,12.1,33.3,1013.2
08-23-24,21.2,14.3,28.7,,211,15.9,46.3,1008.9
08-24-24,24.1,17.1,31.4,,187,14.1,38.9,1011.3
08-25-24,20.3,14.5,22.3,,268,15,38.9,1015.4
08-26-24,17.9,11.8,24.6,,187,8.5,24.1,1022
08-27-24,19.2,11.9,26.5,,119,9.9,25.9,1023
08-28-24,21.8,15,29,,109,13.4,31.5,1020.4
08-29-24,24.2,18.9,30.4,,136,12.3,29.6,1016.6
08-30-24,21.6,18.3,26,,163,11.5,27.8,1016.4
08-31-24,19.4,15.4,23.9,,265,11.7,29.6,1018.8
09-01-24,18.9,14.5,23.9,,261,11.7,29.6,1019.3
09-02-24,18.6,14,23.9,,269,11.7,29.6,1019.6
09-03-24,18.7,14.4,23.2,,269,12.2,29.6,1018.7
09-04-24,25.3,18.5,32.8,,112,14.5,38.9,1014.1
09-05-24,24.7,18.9,31.1,,94,19.9,51.8,1014.7
09-06-24,23.2,17.8,29.2,,96,17,40.8,1015
09-07-24,23.1,16,30.1,,117,13,31.5,1013.8
09-08-24,24.5,18.8,31.2,,126,12.8,27.8,1009
09-09-24,18.5,15.4,22.6,,264,13.7,38.9,1000.6
09-10-24,16,14.2,18.1,,252,14.3,35.2,1007
09-11-24,14.3,11.2,15.4,,222,14.8,37,1004.2
09-12-24,11.4,8.7,14.7,,257,8.7,22.2,1011.6
09-13-24,10.8,8.3,13.2,,335,12.7,35.2,1017.4
09-14-24,12.8,10.7,15.7,,336,20.6,48.2,1022.4
09-15-24,12.7,8.1,16.5,,335,19.1,44.5,1021.9
09-16-24,15.2,12.7,18.1,,355,18.1,38.9,1019.5
09-17-24,18.6,13.7,24.5,,39,14.2,31.5,1025.1
09-18-24,19.2,13.8,25.3,,60,13.7,31.5,1028.3
09-19-24,18.2,14.5,22.9,,72,14.8,35.2,1026.7
09-20-24,17.1,12.5,22.8,,92,15.8,40.8,1026.4
09-21-24,16,10.1,23.2,,103,13.5,31.5,1024
09-22-24,16.4,10.5,24,,113,10.8,27.8,1017.6
09-23-24,16.7,10.4,24.2,,148,8.1,18.5,1010
09-24-24,14.8,13.1,16.9,,207,9.8,25.9,1004.7
09-25-24,14.9,12.6,17.6,,206,14.2,31.5,1005.3
09-26-24,15.9,13.5,18.6,,187,17.7,40.8,996.6
09-27-24,16.5,13.8,19.6,,217,21.2,50,997.5
09-28-24,12.5,8.3,14.9,,269,19.5,44.5,1011.5
09-29-24,9.4,5.8,14.1,,282,11,27.8,1026.8
09-30-24,9.7,5.6,14.6,,115,16.1,42.6,1022.5
10-01-24,9.7,8.1,12.1,,113,15.8,38.9,1012.1
10-02-24,9.7,9.1,10.5,,53,12.5,25.9,1010.3
10-03-24,10.5,8.6,12.1,,346,14.2,33.3,1015
10-04-24,11.1,9.3,13.6,,15,13.7,31.5,1018.7
10-05-24,9.9,7.2,13.4,,43,9.9,24.1,1019.5
10-06-24,9.2,5.9,12.5,,102,8.2,22.2,1014.3
10-07-24,10.7,6.3,15.1,,148,11.8,24.1,1007.6
10-08-24,15.4,11.9,20,,169,9.6,24.1,1002.9
10-09-24,16.1,13.5,19.2,,208,13.2,35.2,996.8
10-10-24,15.2,10.4,17.9,,223,19.4,50,991.6
10-11-24,9.1,5.7,12,,269,13.2,33.3,1012.8
10-12-24,8.1,3.1,13.4,,164,12.8,35.2,1017.5
10-13-24,10.3,8.8,12.2,,242,22.2,59.3,1007.2
10-14-24,9.2,7.2,11.4,,273,15,46.3,1017.4
10-15-24,8.1,4.8,12.2,,320,8.4,20.4,1023.9
10-16-24,8.2,3.5,13.9,,114,18.8,42.6,1023.5
10-17-24,11,6.9,15.9,,132,18.2,38.9,1017.9
10-18-24,12.6,9.6,16.5,,126,13.4,27.8,1016.4
10-19-24,13.3,10.3,18.1,,158,13.4,29.6,1017.4
10-20-24,13.1,10.6,16.6,,159,11.9,24.1,1022.2
10-21-24,14.7,12.6,17.5,,196,11.3,24.1,1023.4
10-22-24,13.3,8.6,16.2,,231,12.7,37,1025
10-23-24,9.6,6.7,14,,243,9,20.4,1034.3
10-24-24,9.1,4.8,14.3,,121,12.1,29.6,1031
10-25-24,11.5,7.9,17.1,,153,10.6,25.9,1022.1
10-26-24,11.2,7.4,16.8,,149,8.1,20.4,1020.9
10-27-24,11.4,8,15.8,,212,11.7,27.8,1019.6
10-28-24,11.4,7.6,14.9,,223,10,24.1,1023.7
10-29-24,13.3,12.5,14.9,,245,11,24.1,1023.8
10-30-24,12.5,10.5,13.9,,277,12.1,27.8,1025.3
10-31-24,11.1,8.4,13.5,,267,13,33.3,1025.9
11-01-24,11.7,10.1,13,,265,16.6,37,1021.1
11-02-24,7.6,1.7,12,,346,10.1,33.3,1029.7
11-03-24,4.1,-0.2,9.3,,228,8.5,20.4,1031.1
11-04-24,7.4,4,9.9,,232,7.7,20.4,1030.4
11-05-24,7,4.8,9.7,,131,9.6,20.4,1027.7
11-06-24,5.2,3.5,6.9,,173,5.1,14.8,1030.5
11-07-24,5.5,5,6,,25,4.9,16.7,1034.8
11-08-24,5.3,4.3,6.1,,102,12.8,29.6,1033.2
11-09-24,4.3,2.6,6.6,,111,12.6,29.6,1029.6
11-10-24,2.2,0.6,3.4,,149,7.8,20.4,1029.3
11-11-24,4.7,3.1,5.7,,155,8.9,22.2,1027.9
11-12-24,4.5,4,5.1,,53,8.7,22.2,1032.1
11-13-24,5,3.2,6.8,,293,8.6,20.4,1029.3
11-14-24,6.2,3.3,8.3,,257,12.2,25.9,1022.8
11-15-24,7,4.7,9.1,,268,12.9,27.8,1023.7
11-16-24,7.1,5,8.7,,232,15.2,33.3,1017.3
11-17-24,6.4,5.5,7.1,,243,18.5,42.6,1005.8
11-18-24,5,3.7,5.9,,257,19.5,46.3,1005.8
11-19-24,4.2,2.5,7.4,,214,15.4,46.3,994.8
11-20-24,2.4,1.2,3.8,,274,17.3,44.5,994.2
11-21-24,1.4,0.1,2.7,,242,16.1,38.9,996.3
11-22-24,1.3,0.3,2.2,,236,14.4,33.3,997.7
11-23-24,1.9,0.1,3.6,,241,17.1,35.2,1015.8
11-24-24,7.7,2.9,11.3,,199,20.3,38.9,1012.4
11-25-24,11.7,9.9,14.2,,188,19.6,38.9,1010.2
11-26-24,8.7,5.7,10.7,,239,12.2,27.8,1016.2
11-27-24,5.9,4.3,7.7,,199,13.9,42.6,1018.9
11-28-24,6.4,5.4,8.1,,269,25.6,59.3,1011.1
11-29-24,4.4,2.5,6,,301,10.8,42.6,1031.9
11-30-24,2.1,0.5,4.6,,165,11.5,25.9,1033
12-01-24,0.4,-2,3.8,,165,11.7,25.9,1025.6
12-02-24,2.7,-1.1,5.8,,196,13.7,25.9,1015.9
12-03-24,5.1,4.2,6.6,,229,11.4,24.1,1014.5
12-04-24,4,3.6,4.6,,255,10.5,22.2,1021.9
12-05-24,3.7,2.6,4.4,,217,14.3,37,1021.6
12-06-24,4.1,2.6,5.4,,187,13.7,40.8,1003.8
12-07-24,5.4,4.3,6.1,,187,14.2,33.3,1005.6
12-08-24,3.9,3.4,4.4,,81,14.5,31.5,1011.4
12-09-24,3.8,3.5,4.2,,35,17.8,37,1023.8
12-10-24,3.4,2.5,3.9,,50,15.3,33.3,1031.2
12-11-24,2.1,1.3,3.2,,6,8.1,20.4,1033.1
12-12-24,1.8,0.8,3.4,,183,9.1,20.4,1032
12-13-24,0.9,-0.9,1.9,,143,11.5,24.1,1028.4
12-14-24,-0.3,-2.1,2.1,,234,14.8,37,1016.9
12-15-24,4.9,2.6,7.7,,267,21.6,51.8,1017.9
12-16-24,10.1,8.2,10.6,,267,27.7,61.1,1020.8
12-17-24,9.3,8.1,9.8,,263,21.2,53.7,1023.3
12-18-24,8,5.3,10.4,,212,18,42.6,1014.6
12-19-24,10.6,7.6,12.7,,230,22.7,50,998.9
12-20-24,6,4.4,7.1,,272,22.4,53.7,1010.2
12-21-24,5.3,3.2,7.2,,221,19.5,44.5,1011.9
12-22-24,6.1,4.3,7,,239,17.3,44.5,996.4
12-23-24,3.8,2.6,5,,251,17,38.9,1004.8
12-24-24,3.7,1.8,4.8,,276,13.1,38.9,1023.2
12-25-24,3.7,1.5,5.6,,200,9.8,20.4,1034.1
12-26-24,6.5,5.7,8,,204,6.2,14.8,1037.7
12-27-24,4.8,2.2,6.1,,155,5.7,13,1035.7
12-28-24,0.8,-0.6,1.8,,200,6.5,13,1030.7
12-29-24,-0.3,-1.8,1.9,,247,11.8,29.6,1027
12-30-24,2.5,1.9,3.1,,240,17.9,37,1026.1
12-31-24,2.6,2.1,3.5,,233,16.2,35.2,1024.2
01-01-25,5.2,2,7.2,,225,26.5,61.1,1011.5

